{"stats":{"minecraft:mined":{"minecraft:spruce_planks":39,"minecraft:brown_mushroom":6,"minecraft:dandelion":1,"farm_and_charm:wild_beetroots":2,"minecraft:crafting_table":5,"minecraft:ladder":4,"minecraft:grass_block":574,"minecraft:spruce_fence":1,"minecraft:tall_grass":40,"minecraft:spruce_leaves":54,"minecraft:sugar_cane":2,"minecraft:wall_torch":6,"farm_and_charm:wild_lettuce":1,"minecraft:large_fern":13,"minecraft:spruce_stairs":1,"minecraft:purple_bed":2,"minecraft:spruce_sapling":1,"farm_and_charm:wild_onions":1,"minecraft:sweet_berry_bush":1,"aquamirae:wisteria_niveis":8,"minecraft:ice":27,"minecraft:spruce_log":70,"minecraft:pumpkin":2,"minecraft:grass":236,"minecraft:coal_ore":5,"minecraft:dirt":492,"minecraft:packed_ice":36,"farm_and_charm:wild_strawberries":1,"promenade:asphalt":1,"minecraft:stone":61,"promenade:blueberry_bush":21,"minecraft:fern":7},"minecraft:dropped":{"minecraft:wheat_seeds":4,"farmersdelight:cabbage_seeds":5,"minecraft:cobblestone":1,"minecraft:stick":12,"minecraft:dirt":238,"farm_and_charm:strawberry_seeds":1,"minecraft:diamond_pickaxe":2,"minecraft:oak_sapling":5,"minecraft:bone_meal":1,"minecraft:spruce_sapling":78,"minecraft:dandelion":1},"minecraft:killed":{"wildlife:grass_snake":1,"minecraft:rabbit":1,"minecraft:polar_bear":1,"minecraft:chicken":1,"aquamirae:anglerfish":2,"minecraft:player":2,"minecraft:villager":1},"minecraft:used":{"minecraft:cherry_sapling":9,"minecraft:wheat_seeds":11,"minecraft:stone_sword":121,"minecraft:water_bucket":5,"minecraft:rose_bush":10,"minecraft:iron_shovel":490,"minecraft:spruce_door":1,"minecraft:flint_and_steel":3,"minecraft:stone_shovel":456,"minecraft:chest":4,"minecraft:spruce_planks":76,"minecraft:wooden_pickaxe":56,"minecraft:wooden_shovel":61,"minecraft:torch":41,"minecraft:dirt":428,"minecraft:tnt":16,"minecraft:crafting_table":6,"minecraft:spruce_stairs":3,"minecraft:spruce_fence":62,"minecraft:snowball":8,"minecraft:spruce_log":66,"minecraft:diamond_pickaxe":75,"minecraft:wooden_axe":162,"minecraft:wooden_hoe":19,"minecraft:apple":9,"minecraft:iron_pickaxe":51,"minecraft:potion":1,"minecraft:purple_bed":2,"minecraft:sweet_berries":3,"minecraft:furnace":1,"minecraft:bucket":4,"minecraft:bone_meal":18},"minecraft:crafted":{"minecraft:wooden_shovel":3,"minecraft:crafting_table":2,"minecraft:spruce_planks":120,"minecraft:spruce_door":2,"minecraft:bone_meal":18,"minecraft:spruce_fence":116,"minecraft:spruce_stairs":4,"minecraft:wooden_hoe":1,"minecraft:diamond_pickaxe":1,"minecraft:stick":8,"minecraft:wooden_axe":2,"minecraft:stone_sword":2,"minecraft:chest":4},"minecraft:killed_by":{"minecraft:vindicator":1,"minecraft:player":3,"minecraft:polar_bear":3,"minecraft:iron_golem":1},"minecraft:broken":{"minecraft:iron_shovel":2,"minecraft:wooden_shovel":1,"minecraft:wooden_axe":3,"minecraft:stone_shovel":3,"minecraft:wooden_pickaxe":1},"minecraft:picked_up":{"minecraft:wooden_axe":1,"minecraft:crafting_table":4,"minecraft:feather":3,"farmersdelight:rice":6,"minecraft:chicken":1,"minecraft:clay_ball":4,"minecraft:water_bucket":1,"minecraft:brown_mushroom":3,"backpacked:backpack":1,"minecraft:wooden_pickaxe":1,"promenade:cotton_sakura_sapling":5,"minecraft:potion":1,"minecraft:oak_log":5,"minecraft:golden_boots":1,"farm_and_charm:onion":5,"minecraft:dirt":1232,"aquamirae:fin":5,"minecraft:raw_copper":6,"minecraft:bone":6,"minecraft:beetroot":9,"minecraft:apple":22,"minecraft:wheat_seeds":49,"aquamirae:wisteria_niveis":7,"vinery:apple_tree_sapling":6,"minecraft:spruce_planks":36,"minecraft:rabbit":1,"promenade:blueberries":97,"minecraft:sugar_cane":3,"farmersdelight:cabbage_seeds":3,"minecraft:stick":29,"minecraft:pumpkin":2,"minecraft:sweet_berries":27,"promenade:asphalt":1,"farm_and_charm:strawberry_seeds":1,"minecraft:torch":15,"minecraft:dandelion":3,"minecraft:spruce_stairs":2,"minecraft:spruce_fence":1,"minecraft:spruce_sapling":84,"minecraft:spruce_log":323,"aquamirae:esca":3,"minecraft:pumpkin_seeds":8,"minecraft:purple_bed":2,"minecraft:stone_shovel":3,"minecraft:cooked_cod":2,"minecraft:bone_meal":1,"minecraft:bread":28,"farm_and_charm:corn":17,"minecraft:emerald":9,"minecraft:baked_potato":2,"minecraft:oak_sapling":11,"minecraft:coal":6,"minecraft:cod":2,"minecraft:snowball":4,"minecraft:diamond_pickaxe":1,"minecraft:cobblestone":110,"minecraft:oxeye_daisy":1},"minecraft:custom":{"minecraft:interact_with_furnace":2,"minecraft:mob_kills":7,"minecraft:interact_with_crafting_table":20,"minecraft:open_barrel":3,"minecraft:interact_with_campfire":4,"minecraft:interact_with_stonecutter":6,"minecraft:leave_game":18,"minecraft:time_since_death":19974,"minecraft:sleep_in_bed":2,"minecraft:climb_one_cm":1397,"minecraft:time_since_rest":12971,"minecraft:sprint_one_cm":153641,"minecraft:damage_taken":6445,"minecraft:walk_one_cm":917769,"minecraft:drop":19,"minecraft:damage_dealt":2448,"minecraft:talked_to_villager":2,"minecraft:fly_one_cm":155299,"minecraft:player_kills":2,"minecraft:open_chest":34,"minecraft:crouch_one_cm":2201,"minecraft:play_time":275408,"minecraft:deaths":18,"minecraft:sneak_time":2231,"minecraft:walk_under_water_one_cm":31003,"minecraft:jump":1083,"minecraft:interact_with_blast_furnace":1,"minecraft:walk_on_water_one_cm":35892,"minecraft:total_world_time":275408,"minecraft:fall_one_cm":43520}},"DataVersion":3465}