{"stats":{"minecraft:killed_by":{"minecraft:iron_golem":1,"minecraft:polar_bear":2,"minecraft:player":1},"minecraft:killed":{"minecraft:player":1},"minecraft:custom":{"minecraft:open_chest":5,"minecraft:time_since_rest":892,"minecraft:play_time":38097,"minecraft:crouch_one_cm":504,"minecraft:sprint_one_cm":36421,"minecraft:damage_taken":1127,"minecraft:walk_one_cm":129453,"minecraft:deaths":5,"minecraft:walk_under_water_one_cm":8101,"minecraft:sneak_time":836,"minecraft:jump":139,"minecraft:damage_dealt":200,"minecraft:leave_game":5,"minecraft:time_since_death":847,"minecraft:walk_on_water_one_cm":10477,"minecraft:total_world_time":38097,"minecraft:interact_with_crafting_table":1,"minecraft:fly_one_cm":24058,"minecraft:fall_one_cm":3548,"minecraft:player_kills":1},"minecraft:mined":{"minecraft:large_fern":12,"minecraft:grass_block":1,"minecraft:brown_mushroom":6,"minecraft:ice":2,"farm_and_charm:wild_strawberries":1,"minecraft:sweet_berry_bush":1,"minecraft:spruce_leaves":16,"promenade:blueberry_bush":21,"farm_and_charm:wild_beetroots":2,"minecraft:fern":3},"minecraft:used":{"minecraft:potion":1},"minecraft:picked_up":{"minecraft:pumpkin_seeds":8,"farmersdelight:rice":6,"minecraft:sweet_berries":7,"minecraft:beetroot":9,"farm_and_charm:strawberry_seeds":1,"minecraft:brown_mushroom":3,"minecraft:wheat_seeds":2,"backpacked:backpack":1,"minecraft:potion":1,"minecraft:spruce_log":2,"promenade:blueberries":97,"farmersdelight:cabbage_seeds":3,"minecraft:dirt":22}},"DataVersion":3465}