{"stats":{"minecraft:mined":{"minecraft:spruce_planks":40,"minecraft:ladder":4,"minecraft:grass_block":1273,"minecraft:spruce_fence":10,"minecraft:spruce_leaves":54,"minecraft:oxeye_daisy":1,"minecraft:large_fern":13,"minecraft:spruce_sapling":1,"minecraft:snow":2,"minecraft:pumpkin":2,"minecraft:packed_ice":36,"farm_and_charm:wild_strawberries":1,"minecraft:stone":114,"minecraft:brown_mushroom":6,"minecraft:dandelion":2,"farm_and_charm:wild_beetroots":2,"minecraft:crafting_table":5,"minecraft:torch":1,"minecraft:chest":1,"minecraft:tall_grass":41,"minecraft:copper_ore":2,"minecraft:sugar_cane":2,"farm_and_charm:wild_lettuce":1,"minecraft:wall_torch":8,"minecraft:spruce_sign":1,"minecraft:spruce_stairs":1,"minecraft:purple_bed":2,"farm_and_charm:wild_onions":1,"aquamirae:wisteria_niveis":8,"minecraft:sweet_berry_bush":1,"minecraft:ice":27,"minecraft:spruce_log":70,"minecraft:grass":304,"minecraft:coal_ore":21,"minecraft:dirt":1074,"promenade:blueberry_bush":21,"promenade:asphalt":1,"minecraft:fern":7},"minecraft:dropped":{"minecraft:wheat_seeds":19,"minecraft:cobblestone":1,"minecraft:stick":12,"minecraft:dirt":312,"minecraft:rose_bush":1,"minecraft:bone_meal":1,"minecraft:bucket":1,"minecraft:spruce_sapling":78,"minecraft:dandelion":4,"farmersdelight:cabbage_seeds":5,"minecraft:spruce_fence":11,"minecraft:filled_map":3,"farm_and_charm:strawberry_seeds":1,"minecraft:diamond_pickaxe":2,"minecraft:oak_sapling":5},"minecraft:killed":{"wildlife:grass_snake":1,"minecraft:chicken":1,"minecraft:rabbit":1,"minecraft:polar_bear":1,"minecraft:zombie":2,"aquamirae:anglerfish":2,"minecraft:player":4,"minecraft:villager":1},"minecraft:used":{"minecraft:cherry_sapling":9,"minecraft:rose_bush":17,"minecraft:stone_sword":149,"minecraft:iron_shovel":490,"minecraft:flint_and_steel":3,"minecraft:stone_shovel":456,"minecraft:chest":7,"minecraft:spruce_planks":76,"minecraft:wooden_shovel":180,"minecraft:torch":71,"minecraft:dirt":883,"minecraft:spruce_stairs":21,"minecraft:snowball":8,"minecraft:spruce_fence":183,"minecraft:wooden_axe":162,"minecraft:sweet_berries":3,"minecraft:furnace":1,"minecraft:wheat_seeds":11,"minecraft:water_bucket":5,"minecraft:spruce_door":1,"minecraft:wooden_pickaxe":56,"minecraft:spruce_sign":2,"minecraft:tnt":16,"minecraft:crafting_table":6,"minecraft:spruce_log":66,"minecraft:wooden_hoe":19,"minecraft:diamond_pickaxe":75,"minecraft:apple":9,"minecraft:diamond_shovel":1174,"minecraft:iron_pickaxe":127,"minecraft:cobblestone":9,"minecraft:potion":1,"minecraft:purple_bed":2,"minecraft:bucket":4,"minecraft:bone_meal":18},"minecraft:crafted":{"minecraft:oak_planks":20,"minecraft:bone_meal":18,"minecraft:spruce_fence":244,"minecraft:spruce_stairs":36,"minecraft:chest":6,"minecraft:cooked_rabbit":3,"minecraft:wooden_shovel":3,"minecraft:spruce_sign":3,"minecraft:crafting_table":2,"minecraft:spruce_planks":136,"minecraft:spruce_door":2,"minecraft:wooden_hoe":1,"minecraft:diamond_pickaxe":1,"minecraft:stick":32,"minecraft:wooden_axe":2,"minecraft:stone_sword":2,"minecraft:torch":40},"minecraft:killed_by":{"minecraft:player":11,"minecraft:polar_bear":3,"minecraft:iron_golem":1,"minecraft:vindicator":1},"minecraft:broken":{"minecraft:iron_shovel":2,"minecraft:golden_boots":1,"minecraft:wooden_shovel":3,"minecraft:wooden_pickaxe":1,"minecraft:wooden_axe":3,"minecraft:stone_shovel":3},"minecraft:picked_up":{"minecraft:wooden_axe":1,"minecraft:crafting_table":4,"minecraft:clay_ball":4,"minecraft:chicken":1,"minecraft:brown_mushroom":3,"backpacked:backpack":1,"minecraft:wooden_pickaxe":1,"minecraft:potion":1,"minecraft:raw_copper":15,"minecraft:beetroot":9,"vinery:apple_tree_sapling":6,"minecraft:spruce_planks":36,"minecraft:rose_bush":1,"hangglider:hang_glider":1,"minecraft:sugar_cane":3,"minecraft:chest":1,"farmersdelight:cabbage_seeds":3,"minecraft:stick":29,"promenade:asphalt":1,"minecraft:oak_fence":190,"minecraft:torch":22,"minecraft:spruce_stairs":2,"minecraft:spruce_fence":10,"simplyswords:tempest":1,"aquamirae:esca":3,"minecraft:rotten_flesh":7,"minecraft:stone_shovel":3,"minecraft:cooked_cod":2,"farm_and_charm:corn":17,"minecraft:cod":2,"minecraft:snowball":6,"minecraft:cobblestone":155,"minecraft:oxeye_daisy":3,"promenade:banana":1,"minecraft:feather":3,"farmersdelight:rice":6,"minecraft:water_bucket":1,"promenade:cotton_sakura_sapling":5,"minecraft:filled_map":3,"minecraft:oak_log":5,"minecraft:golden_boots":1,"farm_and_charm:onion":5,"minecraft:dirt":2252,"aquamirae:fin":5,"minecraft:bone":6,"minecraft:apple":22,"aquamirae:wisteria_niveis":7,"minecraft:wheat_seeds":70,"minecraft:rabbit":1,"promenade:blueberries":97,"minecraft:pumpkin":2,"minecraft:sweet_berries":27,"farm_and_charm:strawberry_seeds":1,"minecraft:dandelion":11,"minecraft:spruce_sapling":84,"minecraft:spruce_log":323,"minecraft:pumpkin_seeds":8,"minecraft:purple_bed":2,"minecraft:bone_meal":1,"minecraft:emerald":9,"minecraft:spruce_sign":1,"minecraft:bread":28,"minecraft:baked_potato":2,"minecraft:oak_sapling":11,"minecraft:coal":16,"minecraft:diamond_pickaxe":1,"minecraft:sunflower":2},"minecraft:custom":{"minecraft:mob_kills":9,"minecraft:animals_bred":1,"minecraft:interact_with_crafting_table":26,"minecraft:open_barrel":3,"minecraft:interact_with_campfire":4,"minecraft:leave_game":22,"minecraft:time_since_death":5142,"minecraft:climb_one_cm":1642,"minecraft:sprint_one_cm":262021,"minecraft:walk_one_cm":1208077,"minecraft:drop":47,"minecraft:talked_to_villager":2,"minecraft:play_time":365091,"minecraft:deaths":27,"minecraft:sneak_time":3228,"minecraft:walk_under_water_one_cm":31003,"minecraft:jump":1310,"minecraft:interact_with_blast_furnace":1,"minecraft:walk_on_water_one_cm":36071,"minecraft:total_world_time":365091,"minecraft:interact_with_furnace":4,"minecraft:interact_with_stonecutter":9,"minecraft:sleep_in_bed":2,"minecraft:time_since_rest":7249,"minecraft:damage_taken":8838,"minecraft:damage_dealt":3165,"minecraft:fly_one_cm":180782,"minecraft:player_kills":4,"minecraft:open_chest":54,"minecraft:crouch_one_cm":3350,"minecraft:fall_one_cm":53175}},"DataVersion":3465}