{"stats":{"minecraft:killed_by":{"minecraft:player":21,"minecraft:creeper":1,"minecraft:polar_bear":3,"minecraft:iron_golem":1,"minecraft:vindicator":1,"minecraft:skeleton":1,"minecraft:zombie":1},"minecraft:used":{"minecraft:cherry_sapling":9,"minecraft:rose_bush":17,"minecraft:stone_sword":181,"aquamirae:whisper_of_the_abyss":34,"minecraft:iron_shovel":490,"minecraft:flint_and_steel":3,"minecraft:stone_shovel":456,"minecraft:chest":7,"minecraft:spruce_planks":76,"minecraft:cooked_chicken":1,"minecraft:wooden_shovel":180,"minecraft:torch":343,"minecraft:dirt":2202,"minecraft:spruce_stairs":21,"minecraft:snowball":12,"minecraft:spruce_fence":203,"minecraft:wooden_axe":162,"minecraft:bricks":59,"minecraft:red_tulip":8,"farm_and_charm:wild_nettle":2,"exposure:signed_album":1,"minecraft:grass_block":82,"minecraft:sweet_berries":3,"minecraft:furnace":1,"farmersdelight:fried_egg":1,"minecraft:wheat_seeds":11,"minecraft:water_bucket":5,"minecraft:spruce_door":1,"minecraft:stone_pickaxe":101,"minecraft:wooden_pickaxe":56,"minecraft:sniffer_egg":1,"minecraft:spruce_sign":2,"minecraft:tnt":16,"minecraft:crafting_table":7,"minecraft:yellow_concrete":75,"minecraft:spruce_log":66,"minecraft:wooden_hoe":19,"minecraft:diamond_pickaxe":75,"minecraft:black_concrete":474,"minecraft:apple":22,"minecraft:diamond_shovel":1329,"minecraft:iron_pickaxe":166,"minecraft:cobblestone":9,"minecraft:potion":1,"promenade:sakura_door":1,"minecraft:purple_bed":2,"minecraft:glass_pane":8,"minecraft:bucket":4,"minecraft:white_concrete":5,"minecraft:bone_meal":18,"minecraft:experience_bottle":1},"minecraft:picked_up":{"minecraft:wooden_axe":1,"minecraft:crafting_table":4,"minecraft:ladder":1,"minecraft:chicken":2,"minecraft:clay_ball":4,"minecraft:brown_mushroom":3,"backpacked:backpack":1,"minecraft:wooden_pickaxe":1,"minecraft:potion":1,"exposure:signed_album":3,"minecraft:string":3,"aquamirae:three_bolt_leggings":1,"minecraft:raw_copper":26,"minecraft:cooked_salmon":3,"minecraft:beetroot":9,"vinery:apple_tree_sapling":6,"minecraft:spruce_planks":44,"minecraft:rose_bush":2,"minecraft:poppy":1,"hangglider:hang_glider":1,"aquamirae:three_bolt_boots":1,"minecraft:sugar_cane":3,"minecraft:chest":1,"farmersdelight:cabbage_seeds":3,"minecraft:egg":13,"minecraft:stick":29,"aquamirae:abyssal_brigantine":1,"promenade:asphalt":1,"minecraft:oak_fence":190,"aquamirae:shell_horn":1,"minecraft:torch":38,"aquamirae:abyssal_leggings":1,"minecraft:spruce_stairs":2,"minecraft:spruce_fence":15,"simplyswords:tempest":1,"minecraft:diorite":8,"minecraft:carrot":1,"aquamirae:esca":3,"minecraft:sniffer_egg":1,"minecraft:stone_sword":1,"farmersdelight:fried_egg":4,"minecraft:rotten_flesh":10,"aquamirae:abyssal_boots":1,"minecraft:stone_shovel":3,"minecraft:cooked_cod":4,"aquamirae:whisper_of_the_abyss":1,"farm_and_charm:corn":17,"minecraft:snowball":10,"minecraft:cod":2,"vinery:apple_log":1,"minecraft:cobblestone":222,"minecraft:oxeye_daisy":3,"promenade:banana":1,"minecraft:feather":3,"farmersdelight:rice":6,"minecraft:water_bucket":1,"minecraft:yellow_dye":1,"promenade:cotton_sakura_sapling":5,"minecraft:filled_map":3,"aquamirae:three_bolt_helmet":1,"minecraft:oak_log":5,"minecraft:golden_boots":1,"farm_and_charm:onion":5,"minecraft:dirt":2569,"aquamirae:fin":5,"minecraft:bone":6,"minecraft:apple":22,"minecraft:wheat_seeds":89,"aquamirae:wisteria_niveis":7,"minecraft:cooked_chicken":5,"minecraft:iron_ingot":15,"minecraft:mossy_stone_bricks":4,"minecraft:glass_bottle":3,"minecraft:rabbit":2,"promenade:blueberries":97,"minecraft:pitcher_pod":1,"minecraft:oak_planks":8,"minecraft:pumpkin":2,"minecraft:sweet_berries":27,"farm_and_charm:strawberry_seeds":1,"minecraft:dandelion":12,"minecraft:sand":15,"minecraft:spruce_sapling":84,"minecraft:spruce_log":323,"farm_and_charm:wild_nettle":2,"minecraft:pumpkin_seeds":8,"minecraft:purple_bed":3,"aquamirae:three_bolt_suit":1,"minecraft:diamond":11,"aquamirae:abyssal_tiara":1,"minecraft:bone_meal":1,"minecraft:emerald":9,"minecraft:bread":36,"minecraft:spruce_sign":1,"minecraft:baked_potato":2,"minecraft:oak_sapling":11,"minecraft:coal":34,"minecraft:hopper":1,"minecraft:sunflower":2,"minecraft:diamond_pickaxe":1},"minecraft:mined":{"minecraft:diamond_ore":11,"minecraft:spruce_planks":41,"minecraft:granite":5,"minecraft:ladder":4,"minecraft:grass_block":1368,"minecraft:spruce_fence":15,"minecraft:spruce_leaves":54,"minecraft:oxeye_daisy":1,"minecraft:large_fern":13,"minecraft:spruce_sapling":1,"minecraft:cobbled_deepslate":1,"minecraft:snow":2,"minecraft:pumpkin":2,"minecraft:packed_ice":37,"farm_and_charm:wild_strawberries":1,"minecraft:stone":177,"minecraft:brown_mushroom":10,"minecraft:dandelion":3,"farm_and_charm:wild_beetroots":2,"minecraft:crafting_table":5,"minecraft:torch":3,"minecraft:chest":1,"minecraft:rose_bush":1,"minecraft:cobblestone":6,"minecraft:tall_grass":51,"minecraft:copper_ore":6,"minecraft:sugar_cane":2,"minecraft:diorite":8,"minecraft:wall_torch":12,"farm_and_charm:wild_lettuce":1,"minecraft:spruce_sign":1,"minecraft:sniffer_egg":1,"minecraft:spruce_stairs":1,"minecraft:purple_bed":2,"farm_and_charm:wild_onions":1,"minecraft:sweet_berry_bush":1,"aquamirae:wisteria_niveis":8,"minecraft:ice":28,"minecraft:spruce_log":70,"minecraft:birch_leaves":1,"minecraft:grass":380,"minecraft:coal_ore":39,"minecraft:cherry_leaves":5,"minecraft:sand":21,"minecraft:dirt":1193,"minecraft:stone_bricks":2,"minecraft:cracked_stone_bricks":5,"promenade:blueberry_bush":21,"promenade:asphalt":1,"minecraft:mossy_stone_bricks":4,"minecraft:deepslate":6,"minecraft:oak_leaves":8,"minecraft:fern":7},"minecraft:killed":{"wildlife:grass_snake":1,"minecraft:spider":1,"minecraft:chicken":1,"minecraft:rabbit":1,"minecraft:polar_bear":1,"minecraft:zombie":6,"aquamirae:anglerfish":2,"minecraft:player":5,"minecraft:villager":1},"minecraft:dropped":{"minecraft:wheat_seeds":35,"minecraft:yellow_concrete":1,"minecraft:cobblestone":1,"minecraft:stick":12,"minecraft:dirt":345,"minecraft:diorite":8,"minecraft:torch":1,"minecraft:rose_bush":2,"minecraft:bone_meal":1,"minecraft:bucket":1,"minecraft:dandelion":4,"minecraft:spruce_sapling":78,"minecraft:stone_sword":1,"minecraft:raw_copper":2,"farmersdelight:cabbage_seeds":5,"minecraft:diamond_shovel":1,"minecraft:spruce_fence":11,"exposure:signed_album":1,"minecraft:filled_map":3,"farm_and_charm:strawberry_seeds":1,"minecraft:diamond_pickaxe":2,"minecraft:mossy_stone_bricks":3,"minecraft:hopper":2,"minecraft:oak_sapling":5,"minecraft:chest":2,"minecraft:red_tulip":1},"minecraft:crafted":{"minecraft:oak_planks":20,"minecraft:bone_meal":18,"minecraft:spruce_fence":244,"minecraft:hopper":1,"minecraft:spruce_stairs":36,"minecraft:stone_pickaxe":1,"minecraft:chest":9,"minecraft:cooked_rabbit":4,"minecraft:wooden_shovel":3,"minecraft:spruce_sign":3,"minecraft:crafting_table":3,"minecraft:spruce_planks":164,"minecraft:baked_potato":33,"minecraft:spruce_door":2,"minecraft:wooden_hoe":1,"minecraft:diamond_pickaxe":1,"minecraft:stick":32,"minecraft:wooden_axe":2,"minecraft:stone_sword":2,"minecraft:torch":40},"minecraft:broken":{"minecraft:iron_shovel":2,"minecraft:golden_boots":1,"minecraft:wooden_shovel":3,"minecraft:wooden_pickaxe":1,"aquamirae:abyssal_tiara":1,"minecraft:wooden_axe":3,"minecraft:stone_shovel":3},"minecraft:custom":{"minecraft:mob_kills":14,"minecraft:animals_bred":1,"minecraft:interact_with_crafting_table":33,"minecraft:open_barrel":3,"minecraft:interact_with_campfire":4,"minecraft:leave_game":30,"minecraft:time_since_death":6870,"minecraft:climb_one_cm":4795,"minecraft:sprint_one_cm":481769,"minecraft:walk_one_cm":2022667,"minecraft:drop":72,"minecraft:talked_to_villager":2,"minecraft:play_time":633547,"minecraft:sneak_time":5578,"minecraft:deaths":50,"minecraft:walk_under_water_one_cm":46825,"minecraft:jump":2236,"minecraft:interact_with_blast_furnace":1,"minecraft:walk_on_water_one_cm":49004,"minecraft:total_world_time":633547,"minecraft:interact_with_furnace":4,"minecraft:interact_with_stonecutter":9,"minecraft:sleep_in_bed":3,"minecraft:time_since_rest":6906,"minecraft:damage_taken":16906,"minecraft:damage_dealt":4821,"minecraft:player_kills":5,"minecraft:swim_one_cm":2701,"minecraft:fly_one_cm":495877,"minecraft:open_chest":79,"minecraft:crouch_one_cm":4679,"minecraft:interact_with_smoker":3,"minecraft:fall_one_cm":87569}},"DataVersion":3465}