{"stats":{"minecraft:killed_by":{"minecraft:iron_golem":1,"minecraft:player":2,"minecraft:polar_bear":3},"minecraft:killed":{"aquamirae:anglerfish":2,"minecraft:player":1},"minecraft:custom":{"minecraft:time_since_rest":1152,"minecraft:sprint_one_cm":37900,"minecraft:damage_taken":2148,"minecraft:walk_one_cm":244500,"minecraft:mob_kills":2,"minecraft:damage_dealt":1134,"minecraft:interact_with_crafting_table":3,"minecraft:player_kills":1,"minecraft:fly_one_cm":28317,"minecraft:open_barrel":2,"minecraft:open_chest":5,"minecraft:crouch_one_cm":1302,"minecraft:play_time":62097,"minecraft:interact_with_campfire":4,"minecraft:deaths":9,"minecraft:sneak_time":1023,"minecraft:walk_under_water_one_cm":28250,"minecraft:jump":220,"minecraft:leave_game":5,"minecraft:walk_on_water_one_cm":22562,"minecraft:time_since_death":940,"minecraft:total_world_time":62097,"minecraft:fall_one_cm":3548},"minecraft:mined":{"minecraft:large_fern":12,"minecraft:brown_mushroom":6,"aquamirae:wisteria_niveis":8,"minecraft:sweet_berry_bush":1,"minecraft:ice":27,"farm_and_charm:wild_beetroots":2,"minecraft:grass_block":1,"minecraft:dirt":5,"minecraft:packed_ice":36,"farm_and_charm:wild_strawberries":1,"minecraft:spruce_leaves":16,"promenade:blueberry_bush":21,"minecraft:fern":3},"minecraft:broken":{"minecraft:wooden_axe":1},"minecraft:used":{"minecraft:wooden_axe":30,"minecraft:wooden_pickaxe":28,"minecraft:dirt":6,"minecraft:potion":1,"minecraft:sweet_berries":3,"minecraft:snowball":4},"minecraft:picked_up":{"minecraft:wooden_axe":1,"minecraft:stick":8,"farmersdelight:rice":6,"minecraft:sweet_berries":7,"farm_and_charm:strawberry_seeds":1,"minecraft:brown_mushroom":3,"backpacked:backpack":1,"minecraft:wooden_pickaxe":1,"minecraft:potion":1,"minecraft:spruce_log":2,"aquamirae:esca":3,"minecraft:dirt":27,"aquamirae:fin":5,"minecraft:pumpkin_seeds":8,"minecraft:cooked_cod":2,"minecraft:beetroot":9,"aquamirae:wisteria_niveis":7,"minecraft:wheat_seeds":2,"promenade:blueberries":97,"minecraft:snowball":4,"farmersdelight:cabbage_seeds":3}},"DataVersion":3465}