{"stats":{"minecraft:mined":{"minecraft:spruce_planks":40,"minecraft:ladder":4,"minecraft:grass_block":1361,"minecraft:spruce_fence":13,"minecraft:spruce_leaves":54,"minecraft:oxeye_daisy":1,"minecraft:large_fern":13,"minecraft:spruce_sapling":1,"minecraft:snow":2,"minecraft:pumpkin":2,"minecraft:packed_ice":36,"farm_and_charm:wild_strawberries":1,"minecraft:stone":121,"minecraft:brown_mushroom":6,"minecraft:dandelion":2,"farm_and_charm:wild_beetroots":2,"minecraft:crafting_table":5,"minecraft:torch":2,"minecraft:chest":1,"minecraft:tall_grass":42,"minecraft:copper_ore":5,"minecraft:sugar_cane":2,"farm_and_charm:wild_lettuce":1,"minecraft:wall_torch":8,"minecraft:spruce_sign":1,"minecraft:spruce_stairs":1,"minecraft:purple_bed":2,"farm_and_charm:wild_onions":1,"aquamirae:wisteria_niveis":8,"minecraft:sweet_berry_bush":1,"minecraft:ice":27,"minecraft:spruce_log":70,"minecraft:grass":311,"minecraft:coal_ore":37,"minecraft:cherry_leaves":5,"minecraft:dirt":1172,"promenade:blueberry_bush":21,"promenade:asphalt":1,"minecraft:fern":7},"minecraft:dropped":{"minecraft:wheat_seeds":23,"minecraft:cobblestone":1,"minecraft:stick":12,"minecraft:dirt":312,"minecraft:torch":1,"minecraft:rose_bush":1,"minecraft:bone_meal":1,"minecraft:bucket":1,"minecraft:spruce_sapling":78,"minecraft:dandelion":4,"farmersdelight:cabbage_seeds":5,"minecraft:spruce_fence":11,"minecraft:filled_map":3,"farm_and_charm:strawberry_seeds":1,"minecraft:diamond_pickaxe":2,"minecraft:hopper":2,"minecraft:chest":2,"minecraft:oak_sapling":5},"minecraft:killed":{"wildlife:grass_snake":1,"minecraft:chicken":1,"minecraft:rabbit":1,"minecraft:polar_bear":1,"minecraft:zombie":3,"aquamirae:anglerfish":2,"minecraft:player":4,"minecraft:villager":1},"minecraft:used":{"minecraft:cherry_sapling":9,"minecraft:rose_bush":17,"minecraft:stone_sword":150,"minecraft:iron_shovel":490,"minecraft:flint_and_steel":3,"minecraft:stone_shovel":456,"minecraft:chest":7,"minecraft:spruce_planks":76,"minecraft:wooden_shovel":180,"minecraft:torch":90,"minecraft:dirt":1874,"minecraft:spruce_stairs":21,"minecraft:snowball":8,"minecraft:spruce_fence":199,"minecraft:wooden_axe":162,"minecraft:sweet_berries":3,"minecraft:furnace":1,"farmersdelight:fried_egg":1,"minecraft:wheat_seeds":11,"minecraft:water_bucket":5,"minecraft:spruce_door":1,"minecraft:stone_pickaxe":23,"minecraft:wooden_pickaxe":56,"minecraft:spruce_sign":2,"minecraft:tnt":16,"minecraft:crafting_table":7,"minecraft:spruce_log":66,"minecraft:wooden_hoe":19,"minecraft:diamond_pickaxe":75,"minecraft:apple":9,"minecraft:diamond_shovel":1329,"minecraft:iron_pickaxe":130,"minecraft:cobblestone":9,"minecraft:potion":1,"minecraft:purple_bed":2,"minecraft:bucket":4,"minecraft:bone_meal":18},"minecraft:crafted":{"minecraft:oak_planks":20,"minecraft:bone_meal":18,"minecraft:spruce_fence":244,"minecraft:hopper":1,"minecraft:spruce_stairs":36,"minecraft:stone_pickaxe":1,"minecraft:chest":9,"minecraft:cooked_rabbit":3,"minecraft:wooden_shovel":3,"minecraft:spruce_sign":3,"minecraft:crafting_table":3,"minecraft:spruce_planks":164,"minecraft:spruce_door":2,"minecraft:wooden_hoe":1,"minecraft:diamond_pickaxe":1,"minecraft:stick":32,"minecraft:wooden_axe":2,"minecraft:stone_sword":2,"minecraft:torch":40},"minecraft:killed_by":{"minecraft:player":13,"minecraft:polar_bear":3,"minecraft:iron_golem":1,"minecraft:vindicator":1,"minecraft:skeleton":1},"minecraft:broken":{"minecraft:iron_shovel":2,"minecraft:golden_boots":1,"minecraft:wooden_shovel":3,"minecraft:wooden_pickaxe":1,"minecraft:wooden_axe":3,"minecraft:stone_shovel":3},"minecraft:picked_up":{"minecraft:wooden_axe":1,"minecraft:crafting_table":4,"minecraft:ladder":1,"minecraft:clay_ball":4,"minecraft:chicken":2,"minecraft:brown_mushroom":3,"backpacked:backpack":1,"minecraft:wooden_pickaxe":1,"minecraft:potion":1,"minecraft:raw_copper":22,"minecraft:cooked_salmon":3,"minecraft:beetroot":9,"vinery:apple_tree_sapling":6,"minecraft:spruce_planks":44,"minecraft:rose_bush":1,"hangglider:hang_glider":1,"minecraft:sugar_cane":3,"minecraft:chest":1,"farmersdelight:cabbage_seeds":3,"minecraft:egg":12,"minecraft:stick":29,"promenade:asphalt":1,"minecraft:oak_fence":190,"minecraft:torch":26,"minecraft:spruce_stairs":2,"minecraft:spruce_fence":13,"simplyswords:tempest":1,"minecraft:carrot":1,"aquamirae:esca":3,"farmersdelight:fried_egg":1,"minecraft:rotten_flesh":8,"minecraft:stone_shovel":3,"minecraft:cooked_cod":4,"farm_and_charm:corn":17,"minecraft:cod":2,"minecraft:snowball":6,"minecraft:cobblestone":163,"minecraft:oxeye_daisy":3,"promenade:banana":1,"minecraft:feather":3,"farmersdelight:rice":6,"minecraft:water_bucket":1,"promenade:cotton_sakura_sapling":5,"minecraft:filled_map":3,"minecraft:oak_log":5,"minecraft:golden_boots":1,"farm_and_charm:onion":5,"minecraft:dirt":2432,"aquamirae:fin":5,"minecraft:bone":6,"minecraft:apple":22,"aquamirae:wisteria_niveis":7,"minecraft:wheat_seeds":77,"minecraft:iron_ingot":10,"minecraft:rabbit":2,"promenade:blueberries":97,"minecraft:oak_planks":1,"minecraft:pumpkin":2,"minecraft:sweet_berries":27,"farm_and_charm:strawberry_seeds":1,"minecraft:dandelion":11,"minecraft:spruce_sapling":84,"minecraft:spruce_log":323,"farm_and_charm:wild_nettle":2,"minecraft:pumpkin_seeds":8,"minecraft:purple_bed":3,"minecraft:bone_meal":1,"minecraft:emerald":9,"minecraft:spruce_sign":1,"minecraft:bread":36,"minecraft:baked_potato":2,"minecraft:oak_sapling":11,"minecraft:coal":32,"minecraft:hopper":1,"minecraft:diamond_pickaxe":1,"minecraft:sunflower":2},"minecraft:custom":{"minecraft:mob_kills":10,"minecraft:animals_bred":1,"minecraft:interact_with_crafting_table":33,"minecraft:open_barrel":3,"minecraft:interact_with_campfire":4,"minecraft:leave_game":22,"minecraft:time_since_death":22288,"minecraft:climb_one_cm":2091,"minecraft:sprint_one_cm":363445,"minecraft:walk_one_cm":1432958,"minecraft:drop":56,"minecraft:talked_to_villager":2,"minecraft:play_time":437091,"minecraft:deaths":31,"minecraft:sneak_time":4212,"minecraft:walk_under_water_one_cm":31003,"minecraft:jump":1459,"minecraft:interact_with_blast_furnace":1,"minecraft:walk_on_water_one_cm":36071,"minecraft:total_world_time":437091,"minecraft:interact_with_furnace":4,"minecraft:interact_with_stonecutter":9,"minecraft:sleep_in_bed":2,"minecraft:time_since_rest":22324,"minecraft:damage_taken":10268,"minecraft:damage_dealt":3228,"minecraft:fly_one_cm":183701,"minecraft:player_kills":4,"minecraft:open_chest":67,"minecraft:crouch_one_cm":3964,"minecraft:interact_with_smoker":1,"minecraft:fall_one_cm":61577}},"DataVersion":3465}