{"stats":{"minecraft:killed_by":{"minecraft:iron_golem":1,"minecraft:vindicator":1,"minecraft:player":3,"minecraft:polar_bear":3},"minecraft:killed":{"aquamirae:anglerfish":2,"minecraft:villager":1,"minecraft:player":1,"minecraft:polar_bear":1},"minecraft:custom":{"minecraft:time_since_rest":4669,"minecraft:sprint_one_cm":38037,"minecraft:damage_taken":2808,"minecraft:walk_one_cm":283216,"minecraft:mob_kills":4,"minecraft:damage_dealt":1775,"minecraft:interact_with_crafting_table":4,"minecraft:player_kills":1,"minecraft:fly_one_cm":28562,"minecraft:open_barrel":2,"minecraft:open_chest":10,"minecraft:crouch_one_cm":1302,"minecraft:play_time":74097,"minecraft:interact_with_campfire":4,"minecraft:deaths":11,"minecraft:sneak_time":1206,"minecraft:walk_under_water_one_cm":28552,"minecraft:jump":266,"minecraft:interact_with_blast_furnace":1,"minecraft:leave_game":5,"minecraft:walk_on_water_one_cm":22883,"minecraft:time_since_death":4194,"minecraft:climb_one_cm":1061,"minecraft:total_world_time":74097,"minecraft:fall_one_cm":4985},"minecraft:crafted":{"minecraft:diamond_pickaxe":1},"minecraft:mined":{"minecraft:large_fern":13,"minecraft:spruce_planks":7,"minecraft:brown_mushroom":6,"farm_and_charm:wild_onions":1,"aquamirae:wisteria_niveis":8,"minecraft:sweet_berry_bush":1,"minecraft:ice":27,"minecraft:spruce_log":3,"minecraft:pumpkin":2,"farm_and_charm:wild_beetroots":2,"minecraft:grass_block":2,"minecraft:dirt":5,"minecraft:packed_ice":36,"farm_and_charm:wild_strawberries":1,"minecraft:spruce_leaves":16,"promenade:blueberry_bush":21,"minecraft:fern":3},"minecraft:broken":{"minecraft:wooden_axe":1},"minecraft:used":{"minecraft:wooden_axe":30,"minecraft:diamond_pickaxe":18,"minecraft:iron_shovel":33,"minecraft:spruce_planks":4,"minecraft:wooden_pickaxe":28,"minecraft:dirt":6,"minecraft:potion":1,"minecraft:sweet_berries":3,"minecraft:spruce_stairs":1,"minecraft:snowball":4},"minecraft:picked_up":{"minecraft:wooden_axe":1,"minecraft:stick":8,"farmersdelight:rice":6,"minecraft:pumpkin":2,"minecraft:sweet_berries":7,"farm_and_charm:strawberry_seeds":1,"minecraft:brown_mushroom":3,"backpacked:backpack":1,"minecraft:wooden_pickaxe":1,"minecraft:spruce_stairs":1,"minecraft:potion":1,"minecraft:spruce_log":4,"farm_and_charm:onion":5,"aquamirae:esca":3,"minecraft:dirt":27,"aquamirae:fin":5,"minecraft:pumpkin_seeds":8,"minecraft:cooked_cod":2,"minecraft:beetroot":9,"aquamirae:wisteria_niveis":7,"minecraft:wheat_seeds":3,"minecraft:spruce_planks":6,"minecraft:baked_potato":2,"promenade:blueberries":97,"minecraft:cod":1,"minecraft:snowball":4,"farmersdelight:cabbage_seeds":3}},"DataVersion":3465}