{"stats":{"minecraft:killed":{"minecraft:rabbit":1,"minecraft:polar_bear":1,"aquamirae:anglerfish":2,"minecraft:chicken":1,"minecraft:player":1,"minecraft:villager":1},"minecraft:dropped":{"minecraft:wheat_seeds":4,"farmersdelight:cabbage_seeds":5,"minecraft:cobblestone":1,"minecraft:stick":12,"minecraft:dirt":68,"farm_and_charm:strawberry_seeds":1,"minecraft:spruce_sapling":78},"minecraft:mined":{"minecraft:spruce_planks":37,"minecraft:brown_mushroom":6,"farm_and_charm:wild_beetroots":2,"minecraft:crafting_table":5,"minecraft:grass_block":42,"minecraft:spruce_leaves":54,"minecraft:sugar_cane":2,"farm_and_charm:wild_lettuce":1,"minecraft:large_fern":13,"minecraft:purple_bed":1,"minecraft:spruce_sapling":1,"farm_and_charm:wild_onions":1,"aquamirae:wisteria_niveis":8,"minecraft:sweet_berry_bush":1,"minecraft:ice":27,"minecraft:spruce_log":70,"minecraft:pumpkin":2,"minecraft:grass":1,"minecraft:dirt":48,"minecraft:packed_ice":36,"farm_and_charm:wild_strawberries":1,"promenade:asphalt":1,"minecraft:stone":12,"promenade:blueberry_bush":21,"minecraft:fern":7},"minecraft:picked_up":{"minecraft:wooden_axe":1,"minecraft:crafting_table":4,"minecraft:feather":1,"minecraft:chicken":1,"farmersdelight:rice":6,"minecraft:brown_mushroom":3,"backpacked:backpack":1,"minecraft:wooden_pickaxe":1,"minecraft:potion":1,"minecraft:golden_boots":1,"farm_and_charm:onion":5,"minecraft:dirt":102,"aquamirae:fin":5,"minecraft:beetroot":9,"minecraft:wheat_seeds":4,"aquamirae:wisteria_niveis":7,"minecraft:spruce_planks":34,"minecraft:rabbit":1,"promenade:blueberries":97,"minecraft:sugar_cane":3,"farmersdelight:cabbage_seeds":3,"minecraft:stick":21,"promenade:asphalt":1,"minecraft:pumpkin":2,"minecraft:sweet_berries":27,"farm_and_charm:strawberry_seeds":1,"minecraft:torch":1,"minecraft:spruce_stairs":1,"minecraft:spruce_sapling":83,"minecraft:spruce_log":323,"aquamirae:esca":3,"minecraft:pumpkin_seeds":8,"minecraft:purple_bed":1,"minecraft:cooked_cod":2,"minecraft:bread":4,"minecraft:emerald":9,"minecraft:baked_potato":2,"minecraft:snowball":4,"minecraft:cod":2,"minecraft:cobblestone":11},"minecraft:crafted":{"minecraft:crafting_table":1,"minecraft:spruce_planks":56,"minecraft:spruce_door":2,"minecraft:spruce_stairs":4,"minecraft:wooden_hoe":1,"minecraft:diamond_pickaxe":1,"minecraft:wooden_axe":2,"minecraft:stone_sword":2},"minecraft:custom":{"minecraft:mob_kills":6,"minecraft:interact_with_crafting_table":15,"minecraft:open_barrel":3,"minecraft:interact_with_campfire":4,"minecraft:interact_with_stonecutter":5,"minecraft:leave_game":6,"minecraft:time_since_death":56022,"minecraft:climb_one_cm":1061,"minecraft:time_since_rest":56060,"minecraft:sprint_one_cm":73185,"minecraft:damage_taken":3227,"minecraft:walk_one_cm":521802,"minecraft:drop":11,"minecraft:damage_dealt":1989,"minecraft:talked_to_villager":2,"minecraft:fly_one_cm":58218,"minecraft:player_kills":1,"minecraft:open_chest":27,"minecraft:crouch_one_cm":2018,"minecraft:play_time":138890,"minecraft:deaths":12,"minecraft:sneak_time":1843,"minecraft:walk_under_water_one_cm":29102,"minecraft:jump":607,"minecraft:interact_with_blast_furnace":1,"minecraft:walk_on_water_one_cm":24458,"minecraft:total_world_time":138890,"minecraft:fall_one_cm":11806},"minecraft:killed_by":{"minecraft:vindicator":1,"minecraft:player":3,"minecraft:polar_bear":3,"minecraft:iron_golem":1},"minecraft:broken":{"minecraft:wooden_axe":3},"minecraft:used":{"minecraft:stone_sword":10,"minecraft:spruce_door":1,"minecraft:iron_shovel":64,"minecraft:spruce_planks":34,"minecraft:wooden_pickaxe":28,"minecraft:dirt":13,"minecraft:crafting_table":5,"minecraft:spruce_stairs":2,"minecraft:snowball":8,"minecraft:spruce_log":66,"minecraft:wooden_axe":162,"minecraft:diamond_pickaxe":46,"minecraft:iron_pickaxe":4,"minecraft:potion":1,"minecraft:purple_bed":1,"minecraft:sweet_berries":3}},"DataVersion":3465}