{"stats":{"minecraft:killed":{"minecraft:rabbit":1,"minecraft:polar_bear":1,"minecraft:chicken":1,"aquamirae:anglerfish":2,"minecraft:player":1,"minecraft:villager":1},"minecraft:dropped":{"minecraft:wheat_seeds":4,"farmersdelight:cabbage_seeds":5,"minecraft:cobblestone":1,"minecraft:stick":12,"minecraft:dirt":174,"farm_and_charm:strawberry_seeds":1,"minecraft:diamond_pickaxe":2,"minecraft:bone_meal":1,"minecraft:spruce_sapling":78,"minecraft:dandelion":1},"minecraft:mined":{"minecraft:spruce_planks":39,"minecraft:brown_mushroom":6,"minecraft:dandelion":1,"farm_and_charm:wild_beetroots":2,"minecraft:crafting_table":5,"minecraft:grass_block":526,"minecraft:tall_grass":40,"minecraft:spruce_leaves":54,"minecraft:sugar_cane":2,"minecraft:wall_torch":6,"farm_and_charm:wild_lettuce":1,"minecraft:large_fern":13,"minecraft:spruce_stairs":1,"minecraft:purple_bed":2,"minecraft:spruce_sapling":1,"farm_and_charm:wild_onions":1,"minecraft:sweet_berry_bush":1,"aquamirae:wisteria_niveis":8,"minecraft:ice":27,"minecraft:spruce_log":70,"minecraft:pumpkin":2,"minecraft:grass":214,"minecraft:coal_ore":5,"minecraft:dirt":450,"minecraft:packed_ice":36,"farm_and_charm:wild_strawberries":1,"minecraft:stone":29,"promenade:asphalt":1,"promenade:blueberry_bush":21,"minecraft:fern":7},"minecraft:picked_up":{"minecraft:wooden_axe":1,"minecraft:crafting_table":4,"minecraft:feather":3,"farmersdelight:rice":6,"minecraft:chicken":1,"minecraft:clay_ball":4,"minecraft:water_bucket":1,"minecraft:brown_mushroom":3,"backpacked:backpack":1,"minecraft:wooden_pickaxe":1,"minecraft:potion":1,"minecraft:golden_boots":1,"farm_and_charm:onion":5,"minecraft:dirt":927,"aquamirae:fin":5,"minecraft:bone":6,"minecraft:beetroot":9,"minecraft:apple":22,"minecraft:wheat_seeds":46,"aquamirae:wisteria_niveis":7,"vinery:apple_tree_sapling":6,"minecraft:spruce_planks":36,"minecraft:rabbit":1,"promenade:blueberries":97,"minecraft:sugar_cane":3,"farmersdelight:cabbage_seeds":3,"minecraft:stick":23,"minecraft:pumpkin":2,"minecraft:sweet_berries":27,"promenade:asphalt":1,"farm_and_charm:strawberry_seeds":1,"minecraft:torch":12,"minecraft:dandelion":3,"minecraft:spruce_stairs":2,"minecraft:spruce_sapling":84,"minecraft:spruce_log":323,"aquamirae:esca":3,"minecraft:pumpkin_seeds":8,"minecraft:purple_bed":2,"minecraft:stone_shovel":3,"minecraft:cooked_cod":2,"minecraft:bone_meal":1,"minecraft:emerald":9,"minecraft:bread":28,"minecraft:baked_potato":2,"minecraft:coal":5,"minecraft:cod":2,"minecraft:snowball":4,"minecraft:diamond_pickaxe":1,"minecraft:cobblestone":28,"minecraft:oxeye_daisy":1},"minecraft:crafted":{"minecraft:wooden_shovel":3,"minecraft:crafting_table":2,"minecraft:spruce_planks":120,"minecraft:spruce_door":2,"minecraft:bone_meal":18,"minecraft:spruce_stairs":4,"minecraft:wooden_hoe":1,"minecraft:diamond_pickaxe":1,"minecraft:stick":8,"minecraft:wooden_axe":2,"minecraft:stone_sword":2,"minecraft:chest":4},"minecraft:custom":{"minecraft:interact_with_furnace":2,"minecraft:mob_kills":6,"minecraft:interact_with_crafting_table":20,"minecraft:open_barrel":3,"minecraft:interact_with_campfire":4,"minecraft:interact_with_stonecutter":5,"minecraft:leave_game":7,"minecraft:time_since_death":870,"minecraft:sleep_in_bed":1,"minecraft:climb_one_cm":1061,"minecraft:time_since_rest":913,"minecraft:sprint_one_cm":128499,"minecraft:damage_taken":4136,"minecraft:walk_one_cm":733552,"minecraft:drop":17,"minecraft:damage_dealt":2179,"minecraft:talked_to_villager":2,"minecraft:fly_one_cm":61394,"minecraft:player_kills":1,"minecraft:open_chest":33,"minecraft:crouch_one_cm":2018,"minecraft:play_time":197520,"minecraft:deaths":14,"minecraft:sneak_time":1843,"minecraft:walk_under_water_one_cm":30001,"minecraft:jump":856,"minecraft:interact_with_blast_furnace":1,"minecraft:walk_on_water_one_cm":30554,"minecraft:total_world_time":197520,"minecraft:fall_one_cm":20843},"minecraft:killed_by":{"minecraft:vindicator":1,"minecraft:player":3,"minecraft:polar_bear":3,"minecraft:iron_golem":1},"minecraft:broken":{"minecraft:iron_shovel":2,"minecraft:wooden_axe":3,"minecraft:stone_shovel":3,"minecraft:wooden_pickaxe":1},"minecraft:used":{"minecraft:wheat_seeds":11,"minecraft:water_bucket":1,"minecraft:stone_sword":116,"minecraft:iron_shovel":490,"minecraft:spruce_door":1,"minecraft:stone_shovel":456,"minecraft:wooden_pickaxe":56,"minecraft:chest":4,"minecraft:spruce_planks":76,"minecraft:wooden_shovel":44,"minecraft:torch":24,"minecraft:dirt":156,"minecraft:crafting_table":6,"minecraft:spruce_stairs":3,"minecraft:snowball":8,"minecraft:spruce_log":66,"minecraft:wooden_hoe":1,"minecraft:wooden_axe":162,"minecraft:diamond_pickaxe":75,"minecraft:apple":9,"minecraft:iron_pickaxe":4,"minecraft:potion":1,"minecraft:purple_bed":2,"minecraft:sweet_berries":3,"minecraft:furnace":1,"minecraft:bucket":1,"minecraft:bone_meal":18}},"DataVersion":3465}