{"stats":{"minecraft:mined":{"minecraft:spruce_planks":39,"minecraft:ladder":4,"minecraft:grass_block":636,"minecraft:spruce_fence":3,"minecraft:spruce_leaves":54,"minecraft:large_fern":13,"minecraft:spruce_sapling":1,"minecraft:pumpkin":2,"minecraft:packed_ice":36,"farm_and_charm:wild_strawberries":1,"minecraft:stone":68,"minecraft:brown_mushroom":6,"minecraft:dandelion":1,"farm_and_charm:wild_beetroots":2,"minecraft:crafting_table":5,"minecraft:tall_grass":40,"minecraft:copper_ore":2,"minecraft:sugar_cane":2,"farm_and_charm:wild_lettuce":1,"minecraft:wall_torch":7,"minecraft:spruce_stairs":1,"minecraft:purple_bed":2,"farm_and_charm:wild_onions":1,"aquamirae:wisteria_niveis":8,"minecraft:sweet_berry_bush":1,"minecraft:ice":27,"minecraft:spruce_log":70,"minecraft:grass":246,"minecraft:coal_ore":21,"minecraft:dirt":563,"promenade:blueberry_bush":21,"promenade:asphalt":1,"minecraft:fern":7},"minecraft:dropped":{"minecraft:wheat_seeds":4,"minecraft:cobblestone":1,"minecraft:stick":12,"minecraft:dirt":249,"minecraft:bone_meal":1,"minecraft:spruce_sapling":78,"minecraft:dandelion":1,"farmersdelight:cabbage_seeds":5,"farm_and_charm:strawberry_seeds":1,"minecraft:diamond_pickaxe":2,"minecraft:oak_sapling":5},"minecraft:killed":{"wildlife:grass_snake":1,"minecraft:chicken":1,"minecraft:rabbit":1,"minecraft:polar_bear":1,"aquamirae:anglerfish":2,"minecraft:player":2,"minecraft:villager":1},"minecraft:used":{"minecraft:cherry_sapling":9,"minecraft:rose_bush":10,"minecraft:stone_sword":121,"minecraft:iron_shovel":490,"minecraft:flint_and_steel":3,"minecraft:stone_shovel":456,"minecraft:spruce_planks":76,"minecraft:chest":4,"minecraft:wooden_shovel":180,"minecraft:torch":41,"minecraft:dirt":462,"minecraft:spruce_stairs":3,"minecraft:spruce_fence":77,"minecraft:snowball":8,"minecraft:wooden_axe":162,"minecraft:sweet_berries":3,"minecraft:furnace":1,"minecraft:wheat_seeds":11,"minecraft:water_bucket":5,"minecraft:spruce_door":1,"minecraft:wooden_pickaxe":56,"minecraft:tnt":16,"minecraft:crafting_table":6,"minecraft:spruce_log":66,"minecraft:wooden_hoe":19,"minecraft:diamond_pickaxe":75,"minecraft:apple":9,"minecraft:iron_pickaxe":78,"minecraft:potion":1,"minecraft:purple_bed":2,"minecraft:bucket":4,"minecraft:bone_meal":18},"minecraft:crafted":{"minecraft:bone_meal":18,"minecraft:spruce_fence":116,"minecraft:spruce_stairs":4,"minecraft:chest":4,"minecraft:cooked_rabbit":3,"minecraft:wooden_shovel":3,"minecraft:crafting_table":2,"minecraft:spruce_planks":120,"minecraft:spruce_door":2,"minecraft:wooden_hoe":1,"minecraft:diamond_pickaxe":1,"minecraft:stick":8,"minecraft:wooden_axe":2,"minecraft:stone_sword":2},"minecraft:killed_by":{"minecraft:player":3,"minecraft:polar_bear":3,"minecraft:iron_golem":1,"minecraft:vindicator":1},"minecraft:broken":{"minecraft:iron_shovel":2,"minecraft:wooden_shovel":3,"minecraft:wooden_pickaxe":1,"minecraft:wooden_axe":3,"minecraft:stone_shovel":3},"minecraft:picked_up":{"minecraft:wooden_axe":1,"minecraft:crafting_table":4,"minecraft:clay_ball":4,"minecraft:chicken":1,"minecraft:brown_mushroom":3,"backpacked:backpack":1,"minecraft:wooden_pickaxe":1,"minecraft:potion":1,"minecraft:raw_copper":15,"minecraft:beetroot":9,"vinery:apple_tree_sapling":6,"minecraft:spruce_planks":36,"minecraft:sugar_cane":3,"farmersdelight:cabbage_seeds":3,"minecraft:stick":29,"promenade:asphalt":1,"minecraft:torch":17,"minecraft:spruce_stairs":2,"minecraft:spruce_fence":3,"aquamirae:esca":3,"minecraft:stone_shovel":3,"minecraft:cooked_cod":2,"farm_and_charm:corn":17,"minecraft:cod":2,"minecraft:snowball":4,"minecraft:cobblestone":110,"minecraft:oxeye_daisy":1,"minecraft:feather":3,"farmersdelight:rice":6,"minecraft:water_bucket":1,"promenade:cotton_sakura_sapling":5,"minecraft:oak_log":5,"minecraft:golden_boots":1,"farm_and_charm:onion":5,"minecraft:dirt":1338,"aquamirae:fin":5,"minecraft:bone":6,"minecraft:apple":22,"aquamirae:wisteria_niveis":7,"minecraft:wheat_seeds":52,"minecraft:rabbit":1,"promenade:blueberries":97,"minecraft:pumpkin":2,"minecraft:sweet_berries":27,"farm_and_charm:strawberry_seeds":1,"minecraft:dandelion":3,"minecraft:spruce_sapling":84,"minecraft:spruce_log":323,"minecraft:pumpkin_seeds":8,"minecraft:purple_bed":2,"minecraft:bone_meal":1,"minecraft:emerald":9,"minecraft:bread":28,"minecraft:baked_potato":2,"minecraft:oak_sapling":11,"minecraft:coal":16,"minecraft:diamond_pickaxe":1},"minecraft:custom":{"minecraft:mob_kills":7,"minecraft:interact_with_crafting_table":20,"minecraft:open_barrel":3,"minecraft:interact_with_campfire":4,"minecraft:leave_game":18,"minecraft:time_since_death":31974,"minecraft:climb_one_cm":1397,"minecraft:sprint_one_cm":161640,"minecraft:walk_one_cm":952269,"minecraft:drop":30,"minecraft:talked_to_villager":2,"minecraft:play_time":287408,"minecraft:deaths":18,"minecraft:sneak_time":2231,"minecraft:walk_under_water_one_cm":31003,"minecraft:jump":1108,"minecraft:interact_with_blast_furnace":1,"minecraft:walk_on_water_one_cm":35892,"minecraft:total_world_time":287408,"minecraft:interact_with_furnace":3,"minecraft:interact_with_stonecutter":6,"minecraft:sleep_in_bed":2,"minecraft:time_since_rest":24971,"minecraft:damage_taken":6465,"minecraft:damage_dealt":2457,"minecraft:fly_one_cm":164338,"minecraft:player_kills":2,"minecraft:open_chest":36,"minecraft:crouch_one_cm":2201,"minecraft:fall_one_cm":43834}},"DataVersion":3465}