{"stats":{"minecraft:killed_by":{"minecraft:iron_golem":1,"minecraft:player":2,"minecraft:polar_bear":2},"minecraft:killed":{"minecraft:player":1},"minecraft:custom":{"minecraft:time_since_rest":739,"minecraft:sprint_one_cm":37900,"minecraft:damage_taken":1668,"minecraft:walk_one_cm":197673,"minecraft:damage_dealt":307,"minecraft:interact_with_crafting_table":1,"minecraft:player_kills":1,"minecraft:fly_one_cm":27084,"minecraft:open_chest":5,"minecraft:crouch_one_cm":1302,"minecraft:play_time":50097,"minecraft:deaths":7,"minecraft:sneak_time":1023,"minecraft:walk_under_water_one_cm":27203,"minecraft:jump":173,"minecraft:leave_game":5,"minecraft:walk_on_water_one_cm":20707,"minecraft:time_since_death":711,"minecraft:total_world_time":50097,"minecraft:fall_one_cm":3548},"minecraft:mined":{"minecraft:large_fern":12,"minecraft:brown_mushroom":6,"minecraft:sweet_berry_bush":1,"minecraft:ice":12,"farm_and_charm:wild_beetroots":2,"minecraft:grass_block":1,"minecraft:dirt":5,"farm_and_charm:wild_strawberries":1,"minecraft:spruce_leaves":16,"promenade:blueberry_bush":21,"minecraft:fern":3},"minecraft:used":{"minecraft:dirt":1,"minecraft:potion":1,"minecraft:sweet_berries":2},"minecraft:picked_up":{"farmersdelight:rice":6,"minecraft:sweet_berries":7,"farm_and_charm:strawberry_seeds":1,"minecraft:brown_mushroom":3,"backpacked:backpack":1,"minecraft:potion":1,"minecraft:spruce_log":2,"minecraft:dirt":27,"minecraft:pumpkin_seeds":8,"minecraft:beetroot":9,"minecraft:wheat_seeds":2,"promenade:blueberries":97,"farmersdelight:cabbage_seeds":3}},"DataVersion":3465}