{"stats":{"minecraft:killed_by":{"minecraft:iron_golem":1,"minecraft:player":1},"minecraft:killed":{"minecraft:player":1},"minecraft:custom":{"minecraft:open_chest":5,"minecraft:time_since_rest":2429,"minecraft:crouch_one_cm":408,"minecraft:play_time":26294,"minecraft:sprint_one_cm":16202,"minecraft:deaths":3,"minecraft:damage_taken":637,"minecraft:walk_one_cm":87534,"minecraft:walk_under_water_one_cm":3453,"minecraft:sneak_time":563,"minecraft:jump":88,"minecraft:damage_dealt":170,"minecraft:leave_game":5,"minecraft:walk_on_water_one_cm":720,"minecraft:time_since_death":2398,"minecraft:total_world_time":26294,"minecraft:player_kills":1,"minecraft:fly_one_cm":22021,"minecraft:fall_one_cm":3167},"minecraft:mined":{"minecraft:large_fern":12,"minecraft:grass_block":1,"minecraft:brown_mushroom":6,"minecraft:spruce_leaves":8,"promenade:blueberry_bush":21,"farm_and_charm:wild_beetroots":2,"minecraft:fern":3},"minecraft:used":{"minecraft:potion":1},"minecraft:picked_up":{"minecraft:sweet_berries":2,"minecraft:beetroot":9,"minecraft:brown_mushroom":3,"minecraft:wheat_seeds":2,"minecraft:potion":1,"minecraft:spruce_log":2,"promenade:blueberries":50,"minecraft:dirt":22}},"DataVersion":3465}