{"stats":{"minecraft:dropped":{"farmersdelight:hamburger":31,"minecraft:iron_sword":1,"minecraft:glass_bottle":4,"minecraft:diamond":1,"aquamirae:shell_horn":1,"hangglider:reinforced_hang_glider":1,"minecraft:crossbow":1,"minecraft:glow_item_frame":8,"minecraft:emerald":9,"minecraft:dirt":268,"minecraft:yellow_dye":1,"backpacked:backpack":2,"vinery:red_wine":2,"minecraft:iron_pickaxe":2,"minecraft:dark_oak_planks":2,"minecraft:end_crystal":1,"minecraft:bone":6,"minecraft:obsidian":1,"minecraft:rotten_flesh":8,"exposure:color_film":1,"minecraft:oak_planks":14,"aquamirae:abyssal_tiara":1,"simplyswords:decaying_relic":1,"minecraft:charcoal":46,"minecraft:hopper":1,"aquamirae:abyssal_brigantine":1,"simplyswords:magiscythe":1,"minecraft:egg":2,"minecraft:golden_boots":1,"minecraft:iron_ingot":22,"exposure:black_and_white_film":1,"minecraft:wheat_seeds":2,"farmersdelight:skillet":1,"vinery:cherry_wine":1,"minecraft:oak_fence":316,"minecraft:feather":2,"minecraft:cobblestone":64,"minecraft:apple":24,"minecraft:coal":55,"refurbished_furniture:computer":1,"simplyswords:magiblade":1,"minecraft:wooden_axe":2,"minecraft:rabbit":1,"simplyswords:caelestis":1,"minecraft:cooked_salmon":3,"promenade:banana":1,"minecraft:potion":2,"minecraft:paper":8,"refurbished_furniture:red_bath":1,"vinery:knulp_wine":1,"minecraft:spruce_sapling":6,"farmersdelight:raw_pasta":4,"aquamirae:terrible_sword":1,"aquamirae:whisper_of_the_abyss":1,"refurbished_furniture:television":1,"minecraft:stone_shovel":3,"vinery:mead":1,"minecraft:chicken":1,"minecraft:clay_ball":4,"simplyswords:magispear":1,"minecraft:damaged_anvil":1,"minecraft:spruce_fence":2,"minecraft:pumpkin_seeds":8,"minecraft:potato":33,"minecraft:peony":2,"minecraft:spruce_planks":4,"vinery:apple_tree_sapling":5,"simplyswords:enigma":1,"aquamirae:terrible_leggings":1,"minecraft:bow":1,"minecraft:magma_block":2,"simplyswords:sunfire":1,"aquamirae:three_bolt_boots":1,"exposure:developed_color_film":1,"minecraft:baked_potato":32,"farmersdelight:rice":6,"minecraft:flint":4,"aquamirae:three_bolt_helmet":1,"bakery:toast":1,"minecraft:jungle_button":1,"minecraft:cornflower":1,"minecraft:cooked_cod":2,"minecraft:snowball":28,"aquamirae:anglerfish_spawn_egg":1,"aquamirae:maw_spawn_egg":1,"farmersdelight:onion":2,"exposure:album":1,"minecraft:spyglass":1,"hangglider:hang_glider":3,"simplyswords:harbinger":1,"minecraft:beetroot":1,"minecraft:diamond_shovel":2,"aquamirae:tortured_soul_spawn_egg":1,"minecraft:carrot":1,"aquamirae:abyssal_leggings":1,"exposure:signed_album":3,"aquamirae:abyssal_boots":1,"farm_and_charm:corn":17,"aquamirae:three_bolt_suit":1,"minecraft:water_bucket":3,"minecraft:bread":48,"bakery:baguette":1,"minecraft:oak_slab":1,"vinery:lilitu_wine":1,"aquamirae:fin_cutter":1,"aquamirae:terrible_helmet":1,"simplyswords:flamewind":1,"minecraft:spruce_stairs":4,"aquamirae:terrible_chestplate":1,"minecraft:stick":25,"farm_and_charm:onion":3,"exposure:photograph_frame":1,"minecraft:polished_diorite":2,"minecraft:sweet_berries":26,"promenade:cotton_sakura_sapling":5,"simplyswords:ribboncleaver":1,"farmersdelight:cabbage_seeds":6,"simplyswords:tempest":1,"minecraft:light":1,"minecraft:filled_map":7,"farmersdelight:fried_egg":69,"exposure:camera":1,"minecraft:cake":1,"promenade:blueberries":47,"refurbished_furniture:meatlovers_pizza_slice":32,"aquamirae:terrible_boots":1,"minecraft:spruce_log":4,"minecraft:wooden_pickaxe":1,"aquamirae:three_bolt_leggings":1},"minecraft:custom":{"exposure:flashes_triggered":4,"minecraft:interact_with_crafting_table":53,"minecraft:open_barrel":6,"minecraft:eat_cake_slice":3,"minecraft:leave_game":22,"minecraft:time_since_death":12749,"minecraft:damage_blocked_by_shield":2174,"minecraft:play_time":950079,"minecraft:deaths":32,"minecraft:jump":9370,"minecraft:interact_with_furnace":50,"minecraft:traded_with_villager":6,"minecraft:sleep_in_bed":18,"minecraft:damage_dealt":27918,"minecraft:interact_with_smoker":14,"minecraft:horse_one_cm":1078,"minecraft:interact_with_anvil":2,"minecraft:inspect_hopper":1,"minecraft:sneak_time":49316,"minecraft:interact_with_blast_furnace":1,"minecraft:total_world_time":950079,"minecraft:interact_with_stonecutter":22,"minecraft:time_since_rest":12777,"minecraft:swim_one_cm":51942,"minecraft:fly_one_cm":4183434,"minecraft:open_chest":127,"minecraft:fall_one_cm":135517,"minecraft:animals_bred":8,"exposure:interact_with_lightroom":23,"minecraft:open_shulker_box":1,"minecraft:damage_resisted":140,"minecraft:sprint_one_cm":1012667,"minecraft:drop":298,"minecraft:talked_to_villager":33,"minecraft:walk_on_water_one_cm":86708,"exposure:film_frames_exposed":11,"minecraft:player_kills":21,"minecraft:crouch_one_cm":104446,"minecraft:mob_kills":147,"minecraft:interact_with_campfire":3,"minecraft:climb_one_cm":7649,"minecraft:walk_one_cm":2211969,"minecraft:walk_under_water_one_cm":203569,"minecraft:boat_one_cm":5737,"minecraft:pot_flower":1,"minecraft:interact_with_grindstone":1,"minecraft:damage_taken":8963,"minecraft:damage_absorbed":371,"minecraft:trigger_trapped_chest":12},"minecraft:killed":{"minecraft:cave_spider":1,"wildlife:phoebe":1,"minecraft:skeleton":13,"aquamirae:spinefish":1,"minecraft:pillager":6,"minecraft:zombie":34,"wildlife:sparrow":1,"minecraft:cow":7,"wildlife:sunflowerbeetle":1,"minecraft:sniffer":2,"minecraft:rabbit":1,"wildlife:lark":1,"minecraft:polar_bear":3,"wildlife:rhino_beetle":1,"minecraft:spider":8,"wildlife:glasswing_butterfly":1,"wildlife:monkey":2,"minecraft:zombie_villager":1,"aquamirae:captain_cornelia":2,"minecraft:creeper":12,"minecraft:sheep":1,"minecraft:stray":18,"aquamirae:maze_mother":1,"wildlife:gecko":1,"wildlife:koi":2,"aquamirae:maw":1,"wildlife:glow_jellyfish":1,"aquamirae:anglerfish":2,"minecraft:player":18},"minecraft:used":{"minecraft:beetroot":1,"farm_and_charm:kernels":1,"minecraft:chiseled_deepslate":1,"aquamirae:abyssal_heaume":1,"minecraft:ladder":16,"minecraft:chest":3,"minecraft:stone":34,"minecraft:rotten_flesh":4,"vinery:mead":2,"immersive_aircraft:quadrocopter":2,"aquamirae:captain_cornelia_spawn_egg":3,"minecraft:snowball":67,"minecraft:stripped_spruce_log":3,"minecraft:spruce_boat":1,"minecraft:packed_ice":30,"minecraft:villager_spawn_egg":11,"minecraft:grass_block":687,"minecraft:birch_sapling":3,"minecraft:bow":96,"minecraft:sweet_berries":31,"minecraft:oak_sapling":23,"minecraft:furnace":3,"minecraft:cooked_cod":3,"minecraft:egg":25,"immersive_aircraft:biplane":2,"minecraft:potato":7,"simplyswords:ribboncleaver":1,"farmersdelight:hamburger":3,"minecraft:damaged_anvil":1,"minecraft:cow_spawn_egg":8,"minecraft:prismarine":3,"minecraft:wooden_pickaxe":60,"wildlife:hedgehog":1,"minecraft:composter":1,"simplyswords:emberblade":3,"minecraft:sand":7,"bakery:chocolate_box":1,"farm_and_charm:roaster":2,"promenade:cotton_sakura_sapling":11,"wildlife:monkey":10,"aquamirae:terrible_boots":1,"minecraft:squid_spawn_egg":1,"aquamirae:terrible_chestplate":1,"minecraft:pumpkin_seeds":5,"minecraft:birch_fence":1,"simplyswords:magiblade":2,"minecraft:verdant_froglight":186,"wildlife:ferret":2,"simplyswords:emberlash":6,"promenade:duck_spawn_egg":1,"minecraft:ice":2,"vinery:apple_log":5,"exposure:camera":2,"simplyswords:stormbringer":7,"refurbished_furniture:light_fridge":1,"minecraft:torch":77,"minecraft:wheat":1,"farm_and_charm:tool_rack":2,"aquamirae:spinefish_spawn_egg":2,"simplyswords:tainted_relic":6,"promenade:polished_blunite":12,"minecraft:oak_fence_gate":2,"minecraft:shroomlight":6,"aquamirae:abyssal_brigantine":1,"minecraft:sea_lantern":212,"aquamirae:esca":1,"minecraft:iron_axe":1057,"minecraft:chicken_spawn_egg":116,"vinery:lilitu_wine":4,"aquamirae:abyssal_leggings":1,"minecraft:mud_bricks":38,"minecraft:bamboo":1,"simplyswords:stars_edge":3,"farmersdelight:cooking_pot":1,"wildlife:sparrow":1,"minecraft:trapped_chest":4,"minecraft:cobbled_deepslate":11,"minecraft:cherry_fence":117,"minecraft:cherry_log":232,"minecraft:wheat_seeds":5,"minecraft:water_bucket":190,"minecraft:prismarine_brick_slab":5,"farm_and_charm:scarecrow":2,"farmersdelight:golden_knife":32,"promenade:banana":1,"aquamirae:eel_spawn_egg":1,"minecraft:glow_ink_sac":1,"promenade:sakura_log":32,"minecraft:cracked_stone_bricks":1,"minecraft:oak_slab":3,"minecraft:tnt":79,"minecraft:crafting_table":7,"wildlife:boar":1,"promenade:maple_planks":3,"simplyswords:tempest":4,"refurbished_furniture:oak_light_ceiling_fan":2,"minecraft:spruce_log":11,"simplyswords:awakened_lichblade":8,"bakery:iron_table":1,"minecraft:yellow_dye":1,"minecraft:light":223,"minecraft:diamond_pickaxe":2,"minecraft:cornflower":17,"minecraft:diamond_shovel":186,"minecraft:sunflower":5,"minecraft:iron_pickaxe":56,"aquamirae:anglerfish_spawn_egg":4,"exposure:lightroom":2,"aquamirae:abyssal_boots":1,"wildlife:iguana":1,"minecraft:spruce_trapdoor":1,"minecraft:spruce_sapling":1,"minecraft:pink_bed":1,"minecraft:cobblestone":40,"minecraft:potion":1,"wildlife:capybara":2,"minecraft:purple_bed":4,"vinery:apple_tree_sapling":13,"minecraft:stripped_oak_log":75,"minecraft:dandelion":1,"simplyswords:thunderbrand":4,"vinery:red_wine":4,"minecraft:white_concrete_powder":4,"farmersdelight:stove":3,"minecraft:donkey_spawn_egg":1,"minecraft:shield":146,"minecraft:iron_sword":99,"minecraft:zombie_spawn_egg":14,"aquamirae:golden_moth_spawn_egg":15,"minecraft:carrot":2,"minecraft:obsidian":20,"bakery:iron_chair":1,"minecraft:bricks":8,"refurbished_furniture:oak_basin":1,"exposure:signed_album":3,"minecraft:lantern":58,"refurbished_furniture:meatlovers_pizza_slice":4,"simplyswords:arcanethyst":8,"minecraft:item_frame":1,"refurbished_furniture:white_trampoline":25,"exposure:photograph_frame":22,"aquamirae:terrible_leggings":1,"minecraft:magma_block":14,"minecraft:hay_block":5,"minecraft:beetroot_seeds":21,"simplyswords:waxweaver":7,"minecraft:pearlescent_froglight":44,"minecraft:dark_oak_stairs":3,"minecraft:stone_pickaxe":89,"minecraft:oak_planks":12,"minecraft:redstone_block":1,"minecraft:blue_bed":6,"promenade:stripped_palm_log":92,"minecraft:light_blue_concrete":2,"aquamirae:tortured_soul_spawn_egg":3,"minecraft:yellow_concrete":48,"minecraft:crossbow":10,"minecraft:sponge":11,"minecraft:ochre_froglight":41,"bakery:wandering_baker_spawn_egg":5,"minecraft:creeper_spawn_egg":1,"minecraft:redstone_torch":89,"minecraft:black_concrete":93,"bakery:chocolate_gateau":1,"minecraft:cyan_bed":1,"minecraft:bread":32,"wildlife:koi":5,"simplyswords:whisperwind":80,"vinery:cherry_wine":2,"promenade:blunite":1,"minecraft:cooked_rabbit":3,"immersive_aircraft:gyrodyne":1,"minecraft:white_concrete":659,"minecraft:bone_meal":36,"minecraft:experience_bottle":1,"minecraft:oak_fence":1,"minecraft:trident":5,"minecraft:rose_bush":12,"minecraft:flint_and_steel":3,"minecraft:stone_shovel":157,"minecraft:redstone":1,"simplyswords:waking_lichblade":3,"minecraft:spruce_planks":244,"minecraft:stripped_birch_wood":3,"minecraft:wooden_shovel":6,"immersive_aircraft:warship":1,"minecraft:cooked_chicken":1,"minecraft:dirt":386,"minecraft:hopper":23,"minecraft:prismarine_bricks":21,"minecraft:spruce_stairs":11,"refurbished_furniture:television":7,"minecraft:granite":5,"minecraft:spruce_fence":61,"aquamirae:coral_lance":18,"minecraft:stone_brick_slab":1,"minecraft:wooden_axe":98,"farm_and_charm:corn":8,"farm_and_charm:mincer":5,"aquamirae:luminescent_lamp":7,"minecraft:red_tulip":1,"promenade:blueberries":3,"minecraft:sniffer_spawn_egg":2,"bakery:iron_bench":1,"minecraft:cooked_beef":2,"minecraft:enchanted_golden_apple":1,"farmersdelight:fried_egg":9,"minecraft:cooked_mutton":1,"exposure:album":5,"farmersdelight:skillet":62,"minecraft:snow_block":1,"aquamirae:maw_spawn_egg":1,"minecraft:baked_potato":6,"promenade:polished_asphalt":2,"bakery:bread_crate":2,"minecraft:sniffer_egg":2,"minecraft:spruce_sign":1,"minecraft:stonecutter":1,"minecraft:glow_item_frame":9,"another_furniture:orange_lamp":18,"farm_and_charm:strawberry":2,"minecraft:bamboo_block":69,"minecraft:smoker":2,"aquamirae:pillagers_patrol_spawn_egg":2,"refurbished_furniture:dark_electricity_generator":1,"simplyswords:watching_warglaive":3,"minecraft:apple":9,"man_of_many_planes:scarlet_biplane":3,"promenade:capybara_spawn_egg":6,"sawmill:sawmill":1,"simplyswords:caelestis":2,"minecraft:map":5,"simplyswords:wickpiercer":2,"aquamirae:maze_mother_spawn_egg":1,"aquamirae:terrible_helmet":1,"farm_and_charm:cooking_pot":1,"minecraft:fire_coral_block":15,"minecraft:end_crystal":33,"simplyswords:hiveheart":6,"minecraft:bucket":52,"wildlife:gecko":2,"promenade:sakura_trapdoor":14,"refurbished_furniture:red_bath":2,"minecraft:splash_potion":69},"minecraft:killed_by":{"minecraft:pillager":1,"minecraft:vindicator":1,"minecraft:zombie":2,"minecraft:creeper":2,"minecraft:player":5,"minecraft:enderman":3,"minecraft:skeleton":1},"minecraft:crafted":{"farm_and_charm:mincer":1,"promenade:cotton_sakura_sapling":1,"minecraft:wooden_shovel":1,"minecraft:copper_ingot":9,"minecraft:wooden_hoe":1,"vinery:grass_slab":3,"minecraft:iron_pickaxe":1,"hangglider:glider_framework":1,"minecraft:stone_shovel":5,"vinery:savanna_grape_seeds_red":1,"minecraft:iron_nugget":9,"farmersdelight:raw_pasta":2,"minecraft:bone_meal":15,"hangglider:glider_wing":2,"minecraft:spruce_stairs":8,"minecraft:ladder":8,"minecraft:spruce_boat":1,"minecraft:wheat":81,"farmersdelight:cooking_pot":1,"minecraft:wooden_axe":4,"minecraft:brick":3,"minecraft:oak_planks":28,"hangglider:hang_glider":1,"minecraft:hopper":9,"vinery:dark_cherry_sapling":2,"minecraft:chest":9,"minecraft:oak_fence":6,"minecraft:oak_slab":2,"minecraft:crafting_table":4,"minecraft:spruce_planks":384,"minecraft:wooden_pickaxe":2,"farmersdelight:fried_egg":3,"minecraft:spruce_trapdoor":1,"minecraft:charcoal":78,"minecraft:shield":1,"minecraft:stick":16,"minecraft:iron_ingot":77,"promenade:sakura_trapdoor":12,"minecraft:furnace":2,"minecraft:iron_axe":2,"minecraft:cooked_beef":3,"minecraft:cooked_cod":8,"minecraft:iron_sword":1,"minecraft:cooked_salmon":3,"minecraft:bucket":2,"minecraft:bread":12,"minecraft:air":0,"exposure:developed_color_film":3,"vinery:savanna_grape_seeds_white":1,"minecraft:torch":4},"minecraft:broken":{"minecraft:golden_boots":1,"minecraft:wooden_pickaxe":1,"minecraft:iron_axe":4,"minecraft:golden_leggings":1,"minecraft:stone_pickaxe":1,"minecraft:wooden_axe":2,"minecraft:stone_shovel":1,"farmersdelight:golden_knife":1},"minecraft:picked_up":{"minecraft:wooden_axe":1,"minecraft:lead":4,"aquamirae:coral_lance":2,"minecraft:light":1,"minecraft:stray_spawn_egg":1,"minecraft:string":46,"minecraft:beetroot":29,"minecraft:cobbled_deepslate":210,"minecraft:spruce_planks":84,"hangglider:hang_glider":1,"minecraft:coal_block":1790,"aquamirae:terrible_helmet":1,"exposure:photograph_frame":1,"minecraft:composter":1,"aquamirae:esca":2,"farmersdelight:onion":23,"minecraft:cow_spawn_egg":4,"minecraft:iron_block":1,"minecraft:red_tulip":1,"farmersdelight:rope":54,"farm_and_charm:corn":25,"minecraft:snowball":334,"minecraft:birch_log":25,"minecraft:feather":5,"farmersdelight:rice":6,"minecraft:water_bucket":3,"minecraft:smoker":2,"promenade:sakura_trapdoor":1,"minecraft:flint":4,"minecraft:zombie_villager_spawn_egg":1,"minecraft:lantern":2,"aquamirae:fin":8,"farm_and_charm:tool_rack":1,"minecraft:stonecutter":1,"minecraft:rabbit":1,"promenade:blueberries":52,"patchouli:guide_book":1,"aquamirae:anglers_fang":3,"minecraft:stripped_spruce_log":26,"minecraft:ink_sac":2,"minecraft:trapped_chest":1,"minecraft:white_candle":1,"minecraft:granite":5,"minecraft:bread":16,"minecraft:bricks":5,"minecraft:diamond_pickaxe":1,"aquamirae:anglerfish_spawn_egg":1,"minecraft:crafting_table":2,"minecraft:clay_ball":56,"minecraft:spider_spawn_egg":1,"minecraft:cornflower":2,"minecraft:cracked_stone_bricks":15,"aquamirae:dead_sea_scroll":3,"minecraft:beef":53,"sawmill:sawmill":1,"exposure:color_film":1,"minecraft:chest":3,"minecraft:birch_sapling":6,"wildlife:raw_koi":2,"minecraft:egg":31,"minecraft:glow_item_frame":8,"minecraft:spruce_fence":8,"farmersdelight:tomato_seeds":2,"minecraft:cake":1,"minecraft:carrot":7,"minecraft:cooked_cod":2,"minecraft:beetroot_seeds":10,"minecraft:peony":2,"minecraft:hay_block":18,"farm_and_charm:strawberry":2,"minecraft:gold_ingot":6,"exposure:black_and_white_film":1,"minecraft:mutton":8,"minecraft:glow_berries":10,"minecraft:rail":35,"minecraft:white_wool":4,"aquamirae:spinefish":4,"minecraft:filled_map":7,"minecraft:oak_log":158,"minecraft:jungle_button":1,"farmersdelight:skillet":8,"farm_and_charm:onion":6,"minecraft:blue_bed":1,"minecraft:paper":4,"minecraft:creeper_spawn_egg":1,"minecraft:apple":29,"farmersdelight:cooking_pot":1,"minecraft:stone_pickaxe":1,"minecraft:glass_bottle":1,"minecraft:iron_sword":1,"minecraft:flowering_azalea":10,"minecraft:dark_oak_stairs":5,"hangglider:reinforced_hang_glider":1,"aquamirae:ship_graveyard_echo":1,"minecraft:sweet_berries":54,"minecraft:yellow_concrete":2,"minecraft:gravel":25,"minecraft:spruce_sapling":134,"minecraft:spruce_log":412,"minecraft:diamond_shovel":3,"minecraft:polished_diorite":2,"minecraft:gray_wool":1,"minecraft:baked_potato":85,"minecraft:melon_seeds":3,"minecraft:hopper":15,"minecraft:wheat":12,"farm_and_charm:kernels":1,"minecraft:potion":1,"aquamirae:pirate_pouch":1,"minecraft:raw_copper":3,"farm_and_charm:mincer":3,"exposure:camera":1,"minecraft:activator_rail":2,"promenade:sakura_log":46,"minecraft:bucket":1,"minecraft:rose_bush":1,"minecraft:redstone_torch":4,"minecraft:azalea":12,"minecraft:iron_pickaxe":3,"farmersdelight:cabbage_seeds":12,"minecraft:furnace":1,"minecraft:tipped_arrow":10,"aquamirae:frozen_key":1,"minecraft:stick":217,"aquamirae:spinefish_spawn_egg":1,"minecraft:oak_fence":189,"minecraft:torch":82,"minecraft:spruce_stairs":7,"minecraft:porkchop":3,"minecraft:diorite":1,"farmersdelight:fried_egg":11,"minecraft:rotten_flesh":31,"farmersdelight:raw_pasta":4,"minecraft:obsidian":1,"vinery:apple_log":144,"minecraft:cod":20,"minecraft:cobblestone":775,"minecraft:pink_petals":3,"promenade:banana":1,"promenade:cotton_sakura_sapling":16,"minecraft:potato":143,"aquamirae:three_bolt_helmet":2,"minecraft:tuff":10,"minecraft:dirt":1510,"minecraft:name_tag":2,"minecraft:bone":25,"minecraft:bow":1,"minecraft:wheat_seeds":60,"minecraft:powered_rail":2,"minecraft:oak_planks":10,"vinery:cherry_wine":1,"minecraft:sand":5,"minecraft:diamond":1,"minecraft:black_concrete":45,"minecraft:crossbow":3,"minecraft:bone_meal":2,"minecraft:white_concrete":2,"minecraft:golden_apple":1,"minecraft:emerald":6,"exposure:developed_color_film":1,"minecraft:oak_sapling":79,"minecraft:charcoal":102,"minecraft:ladder":10,"minecraft:chicken":6,"minecraft:brown_mushroom":1,"exposure:signed_album":1,"exposure:album":1,"minecraft:oak_trapdoor":2,"minecraft:moss_carpet":87,"immersive_aircraft:biplane":1,"minecraft:item_frame":1,"minecraft:birch_fence":1,"vinery:red_wine":2,"minecraft:detector_rail":1,"vinery:apple_tree_sapling":61,"minecraft:raw_iron":4,"promenade:asphalt":15,"minecraft:squid_spawn_egg":1,"exposure:photograph":2,"wildlife:raw_anglerfish":34,"minecraft:dark_oak_planks":2,"minecraft:arrow":27,"minecraft:salmon":7,"minecraft:leather":26,"minecraft:gunpowder":12,"aquamirae:maw_spawn_egg":1,"minecraft:cooked_mutton":1,"minecraft:coast_armor_trim_smithing_template":2,"minecraft:iron_ingot":12,"minecraft:cooked_chicken":6,"minecraft:oak_slab":1,"vinery:lilitu_wine":1,"minecraft:dandelion":1,"minecraft:spider_eye":6,"minecraft:pumpkin_seeds":4,"minecraft:cherry_sapling":8,"minecraft:black_wool":1,"minecraft:coal":162,"minecraft:sunflower":2},"minecraft:mined":{"minecraft:dark_oak_planks":2,"minecraft:hopper":14,"minecraft:fire":3,"minecraft:dirt_path":3,"farm_and_charm:wild_strawberries":1,"minecraft:iron_block":1,"minecraft:smoker":2,"minecraft:torch":9,"minecraft:bricks":5,"minecraft:spruce_sign":1,"promenade:sakura_trapdoor":2,"minecraft:wheat":3,"minecraft:grass":39,"minecraft:stonecutter":1,"minecraft:spruce_fence":4,"minecraft:snow":11,"minecraft:potatoes":19,"farm_and_charm:mincer":2,"minecraft:oak_slab":1,"promenade:sakura_log":46,"minecraft:dandelion":1,"minecraft:cornflower":1,"minecraft:campfire":2,"minecraft:tall_grass":21,"promenade:cotton_sakura_blossoms":5,"farmersdelight:skillet":7,"minecraft:trapped_chest":1,"minecraft:spruce_log":502,"minecraft:sunflower":4,"minecraft:cobweb":9,"minecraft:fern":3,"minecraft:spruce_planks":36,"vinery:apple_tree_sapling":3,"minecraft:grass_block":244,"minecraft:polished_diorite":1,"minecraft:composter":1,"vinery:apple_log":146,"minecraft:iron_ore":4,"minecraft:dark_oak_stairs":5,"farm_and_charm:wild_beetroots":8,"minecraft:clay":15,"minecraft:chest":1,"minecraft:oak_planks":9,"minecraft:wall_torch":7,"farm_and_charm:wild_onions":1,"minecraft:birch_log":23,"minecraft:oak_log":176,"minecraft:dirt":182,"vinery:apple_leaves":2,"minecraft:oak_leaves":5,"farmersdelight:onions":7,"minecraft:ladder":9,"sawmill:sawmill":1,"minecraft:spruce_leaves":60,"minecraft:large_fern":5,"minecraft:hay_block":18,"minecraft:oak_trapdoor":2,"minecraft:furnace":1,"minecraft:carrots":1,"minecraft:stripped_spruce_log":6,"minecraft:peony":1,"minecraft:packed_ice":63,"minecraft:stone":53,"minecraft:oak_fence":1,"minecraft:crafting_table":2,"minecraft:rose_bush":10,"minecraft:blue_bed":1,"minecraft:spruce_stairs":8,"minecraft:beehive":2,"minecraft:sweet_berry_bush":24,"minecraft:ice":16,"minecraft:coal_ore":50,"farm_and_charm:wild_corn":4,"minecraft:birch_fence":2}},"DataVersion":3465}