{"stats":{"minecraft:crafted":{"minecraft:spruce_boat":1,"minecraft:crafting_table":2,"minecraft:spruce_planks":116,"minecraft:wooden_pickaxe":2,"minecraft:stick":12,"minecraft:wooden_axe":3},"minecraft:mined":{"minecraft:spruce_planks":2,"minecraft:grass_block":4,"minecraft:spruce_leaves":19,"minecraft:fire":2,"minecraft:dirt_path":1,"minecraft:packed_ice":62,"minecraft:crafting_table":1,"minecraft:spruce_sign":1,"minecraft:spruce_stairs":5,"farm_and_charm:wild_onions":1,"minecraft:sweet_berry_bush":17,"minecraft:ice":13,"minecraft:spruce_log":18,"minecraft:dirt":9,"minecraft:birch_fence":1,"minecraft:fern":2},"minecraft:killed":{"wildlife:rhino_beetle":1,"wildlife:phoebe":1,"minecraft:spider":1,"aquamirae:maze_mother":1,"minecraft:skeleton":2,"aquamirae:spinefish":1,"aquamirae:maw":1,"aquamirae:captain_cornelia":2,"minecraft:creeper":1,"minecraft:polar_bear":3,"minecraft:sheep":1,"wildlife:glow_jellyfish":1,"minecraft:pillager":1,"minecraft:zombie":7,"aquamirae:anglerfish":2,"minecraft:player":3},"minecraft:broken":{"minecraft:wooden_pickaxe":1,"farmersdelight:golden_knife":1,"minecraft:wooden_axe":1},"minecraft:used":{"minecraft:trident":5,"minecraft:flint_and_steel":2,"vinery:red_wine":4,"aquamirae:abyssal_heaume":1,"minecraft:redstone":1,"minecraft:spruce_planks":86,"minecraft:donkey_spawn_egg":1,"refurbished_furniture:light_fridge":1,"minecraft:stone":1,"minecraft:zombie_spawn_egg":14,"vinery:mead":2,"minecraft:torch":2,"minecraft:dirt":29,"aquamirae:golden_moth_spawn_egg":1,"aquamirae:spinefish_spawn_egg":2,"farm_and_charm:tool_rack":2,"refurbished_furniture:television":7,"aquamirae:captain_cornelia_spawn_egg":3,"minecraft:snowball":26,"minecraft:obsidian":8,"minecraft:spruce_boat":1,"minecraft:wooden_axe":65,"minecraft:stone_brick_slab":1,"aquamirae:abyssal_brigantine":1,"minecraft:packed_ice":30,"bakery:iron_chair":1,"farm_and_charm:mincer":1,"minecraft:villager_spawn_egg":2,"minecraft:grass_block":3,"refurbished_furniture:meatlovers_pizza_slice":4,"promenade:blueberries":3,"vinery:lilitu_wine":4,"aquamirae:abyssal_leggings":1,"refurbished_furniture:white_trampoline":25,"minecraft:bow":7,"bakery:iron_bench":1,"minecraft:sweet_berries":20,"simplyswords:ribboncleaver":1,"farmersdelight:hamburger":3,"minecraft:enchanted_golden_apple":1,"minecraft:water_bucket":1,"farmersdelight:skillet":35,"aquamirae:maw_spawn_egg":1,"farm_and_charm:scarecrow":2,"minecraft:baked_potato":1,"farmersdelight:golden_knife":32,"bakery:bread_crate":2,"minecraft:wooden_pickaxe":60,"aquamirae:eel_spawn_egg":1,"minecraft:spruce_sign":1,"bakery:chocolate_box":1,"farm_and_charm:roaster":2,"minecraft:crafting_table":3,"aquamirae:tortured_soul_spawn_egg":3,"refurbished_furniture:oak_light_ceiling_fan":2,"minecraft:crossbow":3,"minecraft:sponge":11,"minecraft:spruce_log":1,"bakery:wandering_baker_spawn_egg":5,"aquamirae:pillagers_patrol_spawn_egg":2,"minecraft:birch_fence":1,"refurbished_furniture:dark_electricity_generator":1,"bakery:iron_table":1,"bakery:chocolate_gateau":1,"minecraft:bread":4,"aquamirae:abyssal_boots":1,"aquamirae:anglerfish_spawn_egg":4,"wildlife:ferret":2,"aquamirae:maze_mother_spawn_egg":1,"minecraft:spruce_sapling":1,"vinery:cherry_wine":2,"farm_and_charm:cooking_pot":1,"minecraft:cobblestone":33,"minecraft:potion":1,"minecraft:end_crystal":9,"minecraft:purple_bed":4,"minecraft:ice":2,"refurbished_furniture:red_bath":2,"minecraft:experience_bottle":1},"minecraft:custom":{"minecraft:mob_kills":30,"minecraft:interact_with_crafting_table":6,"minecraft:open_barrel":4,"minecraft:interact_with_campfire":3,"minecraft:leave_game":9,"minecraft:time_since_death":19309,"minecraft:damage_resisted":42,"minecraft:sprint_one_cm":158811,"minecraft:walk_one_cm":415319,"minecraft:drop":100,"minecraft:talked_to_villager":6,"minecraft:play_time":195024,"minecraft:deaths":10,"minecraft:sneak_time":12101,"minecraft:walk_under_water_one_cm":131169,"minecraft:boat_one_cm":5737,"minecraft:jump":2727,"minecraft:interact_with_blast_furnace":1,"minecraft:walk_on_water_one_cm":21629,"minecraft:total_world_time":195024,"minecraft:interact_with_grindstone":1,"minecraft:sleep_in_bed":2,"minecraft:time_since_rest":12124,"minecraft:damage_taken":2720,"minecraft:damage_absorbed":152,"minecraft:damage_dealt":9440,"minecraft:swim_one_cm":46056,"minecraft:fly_one_cm":918914,"minecraft:player_kills":3,"minecraft:open_chest":21,"minecraft:crouch_one_cm":20893,"minecraft:fall_one_cm":22113,"minecraft:horse_one_cm":444},"minecraft:picked_up":{"minecraft:wooden_axe":1,"minecraft:crafting_table":1,"minecraft:chicken":5,"aquamirae:coral_lance":2,"minecraft:string":18,"minecraft:moss_carpet":87,"aquamirae:pirate_pouch":1,"minecraft:birch_fence":1,"vinery:red_wine":2,"minecraft:activator_rail":2,"minecraft:detector_rail":1,"minecraft:spruce_planks":1,"aquamirae:dead_sea_scroll":3,"minecraft:azalea":12,"minecraft:iron_pickaxe":1,"aquamirae:terrible_helmet":1,"farmersdelight:cabbage_seeds":12,"aquamirae:frozen_key":1,"aquamirae:spinefish_spawn_egg":1,"minecraft:torch":41,"exposure:photograph":2,"minecraft:spruce_stairs":4,"wildlife:raw_anglerfish":34,"minecraft:porkchop":3,"farmersdelight:tomato_seeds":2,"minecraft:cake":1,"aquamirae:esca":2,"minecraft:rotten_flesh":5,"minecraft:beetroot_seeds":10,"farmersdelight:rope":54,"minecraft:gold_ingot":6,"minecraft:glow_berries":10,"minecraft:mutton":8,"minecraft:snowball":26,"minecraft:cod":15,"minecraft:rail":30,"minecraft:white_wool":4,"minecraft:cobblestone":2,"minecraft:feather":3,"farmersdelight:rice":6,"minecraft:salmon":4,"aquamirae:spinefish":4,"minecraft:filled_map":2,"aquamirae:three_bolt_helmet":2,"minecraft:gunpowder":2,"farmersdelight:skillet":1,"farm_and_charm:onion":6,"minecraft:dirt":34,"aquamirae:fin":8,"minecraft:name_tag":2,"aquamirae:maw_spawn_egg":1,"farm_and_charm:tool_rack":1,"minecraft:bone":3,"farmersdelight:cooking_pot":1,"minecraft:wheat_seeds":34,"promenade:blueberries":52,"minecraft:glass_bottle":1,"minecraft:powered_rail":2,"minecraft:flowering_azalea":10,"hangglider:reinforced_hang_glider":1,"vinery:cherry_wine":1,"vinery:lilitu_wine":1,"aquamirae:ship_graveyard_echo":1,"minecraft:sweet_berries":43,"patchouli:guide_book":1,"aquamirae:anglers_fang":3,"minecraft:gravel":5,"minecraft:spruce_sapling":1,"minecraft:spruce_log":18,"minecraft:white_candle":1,"minecraft:pumpkin_seeds":4,"minecraft:crossbow":1,"minecraft:golden_apple":1,"minecraft:gray_wool":1,"minecraft:emerald":2,"minecraft:bread":16,"minecraft:baked_potato":3,"minecraft:melon_seeds":3,"minecraft:black_wool":1,"minecraft:coal":4,"aquamirae:anglerfish_spawn_egg":1},"minecraft:dropped":{"minecraft:golden_boots":1,"farmersdelight:hamburger":31,"minecraft:bread":16,"bakery:baguette":1,"vinery:lilitu_wine":1,"aquamirae:fin_cutter":1,"minecraft:baked_potato":2,"farmersdelight:skillet":1,"aquamirae:terrible_helmet":1,"vinery:cherry_wine":1,"hangglider:reinforced_hang_glider":1,"simplyswords:flamewind":1,"refurbished_furniture:computer":1,"aquamirae:terrible_chestplate":1,"farmersdelight:rice":6,"minecraft:emerald":9,"bakery:toast":1,"simplyswords:magiblade":1,"minecraft:wooden_axe":2,"backpacked:backpack":2,"simplyswords:caelestis":1,"minecraft:potion":1,"aquamirae:maw_spawn_egg":1,"aquamirae:anglerfish_spawn_egg":1,"vinery:red_wine":2,"farm_and_charm:onion":3,"vinery:knulp_wine":1,"refurbished_furniture:red_bath":1,"minecraft:spruce_sapling":3,"minecraft:sweet_berries":26,"hangglider:hang_glider":1,"simplyswords:harbinger":1,"aquamirae:terrible_sword":1,"refurbished_furniture:television":1,"simplyswords:ribboncleaver":1,"farmersdelight:cabbage_seeds":6,"vinery:mead":1,"simplyswords:magispear":1,"aquamirae:tortured_soul_spawn_egg":1,"minecraft:pumpkin_seeds":8,"farmersdelight:fried_egg":64,"simplyswords:decaying_relic":1,"minecraft:cake":1,"promenade:blueberries":47,"refurbished_furniture:meatlovers_pizza_slice":32,"aquamirae:terrible_boots":1,"simplyswords:enigma":1,"aquamirae:terrible_leggings":1,"minecraft:wooden_pickaxe":1,"simplyswords:magiscythe":1,"simplyswords:sunfire":1},"minecraft:killed_by":{"minecraft:player":1,"minecraft:creeper":1,"minecraft:vindicator":1,"minecraft:zombie":1}},"DataVersion":3465}