{"stats":{"minecraft:killed_by":{"minecraft:creeper":1,"minecraft:zombie":1},"minecraft:killed":{"minecraft:spider":1,"aquamirae:maze_mother":1,"minecraft:skeleton":2,"aquamirae:spinefish":1,"aquamirae:maw":1,"aquamirae:captain_cornelia":2,"minecraft:creeper":1,"minecraft:sheep":1,"wildlife:glow_jellyfish":1,"minecraft:zombie":7},"minecraft:custom":{"minecraft:mob_kills":21,"minecraft:leave_game":4,"minecraft:time_since_death":340,"minecraft:sprint_one_cm":76483,"minecraft:walk_one_cm":177674,"minecraft:drop":37,"minecraft:talked_to_villager":4,"minecraft:play_time":98944,"minecraft:deaths":5,"minecraft:sneak_time":4029,"minecraft:walk_under_water_one_cm":106879,"minecraft:jump":1843,"minecraft:walk_on_water_one_cm":13536,"minecraft:total_world_time":98944,"minecraft:interact_with_grindstone":1,"minecraft:time_since_rest":371,"minecraft:damage_taken":1600,"minecraft:damage_dealt":6858,"minecraft:swim_one_cm":11092,"minecraft:fly_one_cm":496712,"minecraft:open_chest":5,"minecraft:crouch_one_cm":6466,"minecraft:fall_one_cm":12743,"minecraft:horse_one_cm":444},"minecraft:crafted":{"minecraft:spruce_planks":24},"minecraft:mined":{"minecraft:spruce_leaves":11,"minecraft:packed_ice":3,"minecraft:spruce_log":8,"minecraft:fern":1},"minecraft:dropped":{"farmersdelight:hamburger":31,"bakery:baguette":1,"vinery:lilitu_wine":1,"aquamirae:fin_cutter":1,"farmersdelight:skillet":1,"aquamirae:terrible_helmet":1,"vinery:cherry_wine":1,"hangglider:reinforced_hang_glider":1,"simplyswords:flamewind":1,"refurbished_furniture:computer":1,"aquamirae:terrible_chestplate":1,"bakery:toast":1,"simplyswords:magiblade":1,"backpacked:backpack":1,"simplyswords:caelestis":1,"aquamirae:maw_spawn_egg":1,"vinery:red_wine":2,"vinery:knulp_wine":1,"refurbished_furniture:red_bath":1,"hangglider:hang_glider":1,"simplyswords:harbinger":1,"aquamirae:terrible_sword":1,"refurbished_furniture:television":1,"simplyswords:ribboncleaver":1,"vinery:mead":1,"simplyswords:magispear":1,"aquamirae:tortured_soul_spawn_egg":1,"farmersdelight:fried_egg":64,"simplyswords:decaying_relic":1,"minecraft:cake":1,"refurbished_furniture:meatlovers_pizza_slice":32,"aquamirae:terrible_boots":1,"simplyswords:enigma":1,"aquamirae:terrible_leggings":1,"simplyswords:magiscythe":1,"simplyswords:sunfire":1},"minecraft:used":{"minecraft:trident":5,"vinery:red_wine":4,"aquamirae:abyssal_heaume":1,"minecraft:redstone":1,"minecraft:spruce_planks":27,"minecraft:donkey_spawn_egg":1,"minecraft:stone":1,"refurbished_furniture:light_fridge":1,"minecraft:zombie_spawn_egg":14,"vinery:mead":2,"minecraft:torch":2,"farm_and_charm:tool_rack":2,"aquamirae:spinefish_spawn_egg":2,"aquamirae:golden_moth_spawn_egg":1,"refurbished_furniture:television":7,"aquamirae:captain_cornelia_spawn_egg":3,"minecraft:snowball":26,"minecraft:obsidian":8,"minecraft:stone_brick_slab":1,"aquamirae:abyssal_brigantine":1,"minecraft:packed_ice":30,"bakery:iron_chair":1,"farm_and_charm:mincer":1,"minecraft:villager_spawn_egg":2,"minecraft:grass_block":3,"refurbished_furniture:meatlovers_pizza_slice":4,"vinery:lilitu_wine":4,"aquamirae:abyssal_leggings":1,"refurbished_furniture:white_trampoline":25,"minecraft:bow":7,"bakery:iron_bench":1,"simplyswords:ribboncleaver":1,"farmersdelight:hamburger":3,"minecraft:water_bucket":1,"farmersdelight:skillet":35,"aquamirae:maw_spawn_egg":1,"farm_and_charm:scarecrow":2,"bakery:bread_crate":2,"aquamirae:eel_spawn_egg":1,"bakery:chocolate_box":1,"farm_and_charm:roaster":2,"aquamirae:tortured_soul_spawn_egg":3,"refurbished_furniture:oak_light_ceiling_fan":2,"minecraft:sponge":11,"bakery:wandering_baker_spawn_egg":5,"aquamirae:pillagers_patrol_spawn_egg":2,"refurbished_furniture:dark_electricity_generator":1,"bakery:iron_table":1,"bakery:chocolate_gateau":1,"aquamirae:abyssal_boots":1,"aquamirae:anglerfish_spawn_egg":2,"aquamirae:maze_mother_spawn_egg":1,"farm_and_charm:cooking_pot":1,"vinery:cherry_wine":2,"minecraft:cobblestone":4,"minecraft:end_crystal":9,"minecraft:purple_bed":4,"minecraft:ice":2,"refurbished_furniture:red_bath":2},"minecraft:picked_up":{"minecraft:chicken":5,"aquamirae:coral_lance":2,"minecraft:string":18,"minecraft:moss_carpet":87,"aquamirae:pirate_pouch":1,"vinery:red_wine":2,"minecraft:activator_rail":2,"minecraft:detector_rail":1,"aquamirae:dead_sea_scroll":3,"minecraft:azalea":12,"minecraft:iron_pickaxe":1,"aquamirae:terrible_helmet":1,"farmersdelight:cabbage_seeds":9,"aquamirae:frozen_key":1,"aquamirae:spinefish_spawn_egg":1,"minecraft:torch":41,"exposure:photograph":2,"wildlife:raw_anglerfish":34,"minecraft:porkchop":3,"farmersdelight:tomato_seeds":2,"minecraft:cake":1,"aquamirae:esca":1,"minecraft:rotten_flesh":5,"minecraft:beetroot_seeds":10,"farmersdelight:rope":54,"minecraft:gold_ingot":6,"minecraft:glow_berries":10,"minecraft:mutton":8,"minecraft:white_wool":4,"minecraft:cod":14,"minecraft:snowball":26,"minecraft:rail":30,"minecraft:feather":3,"farmersdelight:rice":6,"minecraft:salmon":4,"aquamirae:spinefish":4,"minecraft:filled_map":2,"aquamirae:three_bolt_helmet":2,"minecraft:gunpowder":2,"farmersdelight:skillet":1,"aquamirae:fin":8,"minecraft:name_tag":2,"aquamirae:maw_spawn_egg":1,"farm_and_charm:tool_rack":1,"minecraft:bone":3,"farmersdelight:cooking_pot":1,"minecraft:wheat_seeds":34,"promenade:blueberries":2,"minecraft:powered_rail":2,"minecraft:flowering_azalea":10,"hangglider:reinforced_hang_glider":1,"vinery:cherry_wine":1,"vinery:lilitu_wine":1,"aquamirae:ship_graveyard_echo":1,"minecraft:gravel":5,"aquamirae:anglers_fang":1,"minecraft:spruce_log":8,"minecraft:white_candle":1,"minecraft:pumpkin_seeds":4,"minecraft:gray_wool":1,"minecraft:golden_apple":1,"minecraft:emerald":2,"minecraft:bread":4,"minecraft:melon_seeds":3,"minecraft:black_wool":1,"minecraft:coal":4}},"DataVersion":3465}