{"stats":{"minecraft:killed_by":{"minecraft:creeper":2,"minecraft:vindicator":1,"minecraft:zombie":2,"minecraft:player":4,"minecraft:enderman":3,"minecraft:skeleton":1},"minecraft:picked_up":{"minecraft:wooden_axe":1,"minecraft:wheat":12,"farm_and_charm:kernels":1,"minecraft:lead":4,"aquamirae:coral_lance":2,"minecraft:string":23,"aquamirae:pirate_pouch":1,"minecraft:raw_copper":3,"farm_and_charm:mincer":3,"minecraft:beetroot":29,"promenade:sakura_log":46,"minecraft:activator_rail":2,"minecraft:bucket":1,"minecraft:spruce_planks":59,"minecraft:rose_bush":1,"minecraft:azalea":12,"minecraft:iron_pickaxe":3,"hangglider:hang_glider":1,"aquamirae:terrible_helmet":1,"farmersdelight:cabbage_seeds":12,"minecraft:furnace":1,"minecraft:tipped_arrow":2,"aquamirae:frozen_key":1,"minecraft:stick":207,"aquamirae:spinefish_spawn_egg":1,"minecraft:composter":1,"minecraft:oak_fence":189,"minecraft:torch":66,"minecraft:spruce_stairs":7,"minecraft:porkchop":3,"minecraft:diorite":1,"aquamirae:esca":2,"farmersdelight:fried_egg":2,"minecraft:rotten_flesh":20,"minecraft:cow_spawn_egg":1,"farmersdelight:onion":23,"minecraft:iron_block":1,"farmersdelight:rope":54,"farm_and_charm:corn":25,"farmersdelight:raw_pasta":4,"minecraft:cod":20,"vinery:apple_log":144,"minecraft:snowball":53,"minecraft:cobblestone":473,"minecraft:birch_log":25,"promenade:banana":1,"minecraft:feather":3,"farmersdelight:rice":6,"minecraft:water_bucket":2,"minecraft:smoker":2,"promenade:cotton_sakura_sapling":15,"minecraft:potato":143,"aquamirae:three_bolt_helmet":2,"promenade:sakura_trapdoor":1,"minecraft:dirt":605,"minecraft:lantern":1,"aquamirae:fin":8,"minecraft:name_tag":2,"farm_and_charm:tool_rack":1,"minecraft:bone":10,"minecraft:bow":1,"minecraft:stonecutter":1,"minecraft:wheat_seeds":59,"minecraft:rabbit":1,"promenade:blueberries":52,"minecraft:powered_rail":2,"minecraft:oak_planks":10,"vinery:cherry_wine":1,"patchouli:guide_book":1,"aquamirae:anglers_fang":3,"minecraft:stripped_spruce_log":6,"minecraft:ink_sac":2,"minecraft:white_candle":1,"minecraft:crossbow":1,"minecraft:bone_meal":2,"minecraft:golden_apple":1,"minecraft:emerald":6,"minecraft:bread":16,"minecraft:oak_sapling":78,"minecraft:bricks":5,"aquamirae:anglerfish_spawn_egg":1,"minecraft:diamond_pickaxe":1,"minecraft:charcoal":102,"minecraft:crafting_table":2,"minecraft:clay_ball":56,"minecraft:chicken":5,"minecraft:ladder":8,"minecraft:brown_mushroom":1,"minecraft:cornflower":2,"minecraft:oak_trapdoor":2,"minecraft:moss_carpet":87,"minecraft:item_frame":1,"minecraft:birch_fence":1,"vinery:red_wine":2,"minecraft:detector_rail":1,"vinery:apple_tree_sapling":60,"aquamirae:dead_sea_scroll":3,"minecraft:beef":13,"sawmill:sawmill":1,"minecraft:chest":3,"minecraft:birch_sapling":6,"minecraft:egg":30,"minecraft:raw_iron":4,"minecraft:glow_item_frame":8,"minecraft:squid_spawn_egg":1,"promenade:asphalt":15,"exposure:photograph":2,"wildlife:raw_anglerfish":34,"minecraft:spruce_fence":5,"farmersdelight:tomato_seeds":2,"minecraft:cake":1,"minecraft:carrot":7,"minecraft:dark_oak_planks":2,"minecraft:arrow":8,"minecraft:cooked_cod":2,"minecraft:beetroot_seeds":10,"minecraft:peony":2,"minecraft:hay_block":18,"farm_and_charm:strawberry":2,"minecraft:gold_ingot":6,"minecraft:glow_berries":10,"minecraft:mutton":8,"minecraft:rail":30,"minecraft:white_wool":4,"minecraft:salmon":7,"minecraft:leather":9,"aquamirae:spinefish":4,"minecraft:filled_map":7,"minecraft:oak_log":158,"minecraft:jungle_button":1,"minecraft:gunpowder":2,"farmersdelight:skillet":8,"farm_and_charm:onion":6,"minecraft:blue_bed":1,"minecraft:paper":4,"aquamirae:maw_spawn_egg":1,"minecraft:cooked_mutton":1,"minecraft:coast_armor_trim_smithing_template":2,"minecraft:apple":27,"farmersdelight:cooking_pot":1,"minecraft:creeper_spawn_egg":1,"minecraft:iron_ingot":12,"minecraft:stone_pickaxe":1,"minecraft:glass_bottle":1,"minecraft:iron_sword":1,"minecraft:flowering_azalea":10,"minecraft:dark_oak_stairs":5,"hangglider:reinforced_hang_glider":1,"minecraft:oak_slab":1,"vinery:lilitu_wine":1,"aquamirae:ship_graveyard_echo":1,"minecraft:sweet_berries":54,"minecraft:gravel":5,"minecraft:spruce_sapling":131,"minecraft:spruce_log":412,"minecraft:spider_eye":3,"minecraft:diamond_shovel":3,"minecraft:pumpkin_seeds":4,"minecraft:polished_diorite":2,"minecraft:gray_wool":1,"minecraft:baked_potato":85,"minecraft:melon_seeds":3,"minecraft:black_wool":1,"minecraft:coal":162,"minecraft:hopper":15,"minecraft:sunflower":2},"minecraft:dropped":{"farmersdelight:hamburger":31,"minecraft:iron_sword":1,"minecraft:baked_potato":32,"minecraft:glass_bottle":1,"hangglider:reinforced_hang_glider":1,"minecraft:crossbow":1,"minecraft:glow_item_frame":8,"farmersdelight:rice":6,"minecraft:emerald":9,"minecraft:dirt":12,"bakery:toast":1,"minecraft:jungle_button":1,"minecraft:cornflower":1,"backpacked:backpack":2,"minecraft:cooked_cod":2,"minecraft:snowball":28,"aquamirae:maw_spawn_egg":1,"aquamirae:anglerfish_spawn_egg":1,"farmersdelight:onion":2,"vinery:red_wine":2,"minecraft:iron_pickaxe":2,"minecraft:dark_oak_planks":2,"minecraft:bone":6,"minecraft:end_crystal":1,"hangglider:hang_glider":3,"simplyswords:harbinger":1,"minecraft:beetroot":1,"minecraft:rotten_flesh":8,"minecraft:oak_planks":14,"minecraft:diamond_shovel":2,"aquamirae:tortured_soul_spawn_egg":1,"minecraft:carrot":1,"simplyswords:decaying_relic":1,"minecraft:charcoal":46,"minecraft:hopper":1,"farm_and_charm:corn":17,"simplyswords:magiscythe":1,"minecraft:egg":2,"minecraft:water_bucket":2,"minecraft:golden_boots":1,"minecraft:iron_ingot":22,"minecraft:bread":48,"bakery:baguette":1,"vinery:lilitu_wine":1,"minecraft:wheat_seeds":2,"aquamirae:fin_cutter":1,"farmersdelight:skillet":1,"aquamirae:terrible_helmet":1,"vinery:cherry_wine":1,"minecraft:oak_fence":316,"minecraft:feather":2,"minecraft:cobblestone":64,"minecraft:apple":24,"simplyswords:flamewind":1,"minecraft:spruce_stairs":4,"refurbished_furniture:computer":1,"minecraft:coal":55,"aquamirae:terrible_chestplate":1,"minecraft:stick":25,"simplyswords:magiblade":1,"minecraft:wooden_axe":2,"minecraft:rabbit":1,"simplyswords:caelestis":1,"minecraft:cooked_salmon":3,"promenade:banana":1,"minecraft:potion":1,"farm_and_charm:onion":3,"minecraft:paper":8,"vinery:knulp_wine":1,"refurbished_furniture:red_bath":1,"minecraft:spruce_sapling":6,"minecraft:polished_diorite":2,"farmersdelight:raw_pasta":4,"minecraft:sweet_berries":26,"promenade:cotton_sakura_sapling":5,"aquamirae:terrible_sword":1,"refurbished_furniture:television":1,"simplyswords:ribboncleaver":1,"farmersdelight:cabbage_seeds":6,"minecraft:stone_shovel":3,"simplyswords:tempest":1,"vinery:mead":1,"minecraft:chicken":1,"minecraft:clay_ball":4,"simplyswords:magispear":1,"minecraft:damaged_anvil":1,"minecraft:spruce_fence":2,"minecraft:pumpkin_seeds":8,"minecraft:filled_map":7,"minecraft:potato":33,"farmersdelight:fried_egg":65,"minecraft:peony":2,"minecraft:spruce_planks":4,"vinery:apple_tree_sapling":5,"minecraft:cake":1,"promenade:blueberries":47,"refurbished_furniture:meatlovers_pizza_slice":32,"aquamirae:terrible_boots":1,"simplyswords:enigma":1,"aquamirae:terrible_leggings":1,"minecraft:spruce_log":4,"minecraft:bow":1,"minecraft:wooden_pickaxe":1,"minecraft:magma_block":1,"simplyswords:sunfire":1},"minecraft:crafted":{"minecraft:brick":3,"minecraft:oak_planks":28,"hangglider:hang_glider":1,"farm_and_charm:mincer":1,"minecraft:hopper":9,"vinery:dark_cherry_sapling":2,"minecraft:chest":9,"promenade:cotton_sakura_sapling":1,"minecraft:oak_fence":6,"minecraft:oak_slab":2,"minecraft:wooden_shovel":1,"minecraft:crafting_table":4,"minecraft:spruce_planks":384,"minecraft:wooden_pickaxe":2,"minecraft:copper_ingot":9,"farmersdelight:fried_egg":1,"minecraft:spruce_trapdoor":1,"minecraft:wooden_hoe":1,"minecraft:charcoal":78,"minecraft:shield":1,"minecraft:stick":16,"vinery:grass_slab":3,"minecraft:iron_ingot":77,"minecraft:iron_pickaxe":1,"promenade:sakura_trapdoor":12,"hangglider:glider_framework":1,"minecraft:stone_shovel":5,"vinery:savanna_grape_seeds_red":1,"minecraft:iron_nugget":9,"farmersdelight:raw_pasta":2,"minecraft:furnace":2,"minecraft:bone_meal":15,"hangglider:glider_wing":2,"minecraft:spruce_stairs":8,"minecraft:iron_axe":2,"minecraft:ladder":8,"minecraft:spruce_boat":1,"minecraft:wheat":81,"minecraft:cooked_beef":3,"minecraft:cooked_cod":8,"minecraft:iron_sword":1,"minecraft:cooked_salmon":3,"farmersdelight:cooking_pot":1,"minecraft:bucket":2,"minecraft:bread":12,"minecraft:air":0,"vinery:savanna_grape_seeds_white":1,"minecraft:wooden_axe":4,"minecraft:torch":4},"minecraft:mined":{"minecraft:spruce_planks":36,"vinery:apple_tree_sapling":3,"minecraft:grass_block":242,"minecraft:polished_diorite":1,"minecraft:composter":1,"minecraft:hopper":14,"vinery:apple_log":143,"minecraft:iron_ore":4,"minecraft:fire":3,"minecraft:dark_oak_stairs":5,"minecraft:dirt_path":3,"farm_and_charm:wild_strawberries":1,"minecraft:iron_block":1,"minecraft:smoker":2,"farm_and_charm:wild_beetroots":8,"minecraft:clay":15,"minecraft:torch":9,"minecraft:chest":1,"minecraft:oak_planks":9,"minecraft:bricks":5,"promenade:sakura_trapdoor":2,"minecraft:wall_torch":7,"minecraft:spruce_sign":1,"farm_and_charm:wild_onions":1,"minecraft:birch_log":23,"minecraft:wheat":3,"minecraft:grass":39,"minecraft:oak_log":176,"minecraft:dirt":182,"vinery:apple_leaves":2,"minecraft:stonecutter":1,"minecraft:oak_leaves":5,"farmersdelight:onions":7,"minecraft:ladder":8,"minecraft:spruce_fence":4,"sawmill:sawmill":1,"minecraft:spruce_leaves":60,"minecraft:large_fern":5,"minecraft:hay_block":18,"minecraft:oak_trapdoor":2,"minecraft:furnace":1,"minecraft:carrots":1,"minecraft:snow":11,"minecraft:stripped_spruce_log":6,"minecraft:peony":1,"minecraft:potatoes":19,"farm_and_charm:mincer":2,"minecraft:packed_ice":62,"minecraft:stone":53,"minecraft:oak_slab":1,"promenade:sakura_log":46,"minecraft:dandelion":1,"minecraft:oak_fence":1,"minecraft:cornflower":1,"minecraft:crafting_table":2,"minecraft:rose_bush":10,"minecraft:campfire":2,"minecraft:tall_grass":21,"promenade:cotton_sakura_blossoms":5,"minecraft:blue_bed":1,"minecraft:spruce_stairs":8,"farmersdelight:skillet":7,"minecraft:beehive":2,"minecraft:sweet_berry_bush":24,"minecraft:ice":16,"minecraft:spruce_log":502,"minecraft:coal_ore":50,"minecraft:sunflower":4,"farm_and_charm:wild_corn":4,"minecraft:dark_oak_planks":2,"minecraft:birch_fence":2,"minecraft:fern":3},"minecraft:broken":{"minecraft:golden_boots":1,"minecraft:golden_leggings":1,"minecraft:stone_pickaxe":1,"minecraft:wooden_axe":2,"minecraft:stone_shovel":1,"minecraft:wooden_pickaxe":1,"farmersdelight:golden_knife":1,"minecraft:iron_axe":3},"minecraft:custom":{"minecraft:animals_bred":8,"minecraft:interact_with_crafting_table":45,"minecraft:open_barrel":6,"minecraft:eat_cake_slice":3,"minecraft:leave_game":16,"minecraft:time_since_death":6745,"minecraft:damage_resisted":42,"minecraft:sprint_one_cm":787309,"minecraft:damage_blocked_by_shield":1414,"minecraft:drop":258,"minecraft:talked_to_villager":33,"minecraft:play_time":618373,"minecraft:deaths":21,"minecraft:jump":7443,"minecraft:walk_on_water_one_cm":38554,"minecraft:interact_with_furnace":50,"minecraft:traded_with_villager":6,"minecraft:sleep_in_bed":18,"minecraft:damage_dealt":16291,"minecraft:player_kills":16,"minecraft:crouch_one_cm":75254,"minecraft:interact_with_smoker":10,"minecraft:horse_one_cm":1078,"minecraft:interact_with_anvil":2,"minecraft:mob_kills":62,"minecraft:inspect_hopper":1,"minecraft:interact_with_campfire":3,"minecraft:climb_one_cm":6355,"minecraft:walk_one_cm":1500284,"minecraft:sneak_time":31488,"minecraft:walk_under_water_one_cm":137059,"minecraft:boat_one_cm":5737,"minecraft:interact_with_blast_furnace":1,"minecraft:total_world_time":618373,"minecraft:pot_flower":1,"minecraft:interact_with_stonecutter":21,"minecraft:interact_with_grindstone":1,"minecraft:time_since_rest":6362,"minecraft:damage_absorbed":152,"minecraft:damage_taken":7769,"minecraft:swim_one_cm":46056,"minecraft:fly_one_cm":2101185,"minecraft:open_chest":114,"minecraft:fall_one_cm":123892},"minecraft:killed":{"wildlife:rhino_beetle":1,"wildlife:phoebe":1,"minecraft:spider":2,"minecraft:skeleton":6,"aquamirae:spinefish":1,"aquamirae:captain_cornelia":2,"minecraft:creeper":2,"minecraft:sheep":1,"minecraft:pillager":1,"minecraft:zombie":18,"minecraft:stray":2,"minecraft:cow":5,"aquamirae:maze_mother":1,"wildlife:sunflowerbeetle":1,"aquamirae:maw":1,"minecraft:sniffer":2,"minecraft:rabbit":1,"minecraft:polar_bear":3,"wildlife:glow_jellyfish":1,"aquamirae:anglerfish":2,"minecraft:player":14},"minecraft:used":{"minecraft:beetroot":1,"farm_and_charm:kernels":1,"vinery:red_wine":4,"aquamirae:abyssal_heaume":1,"minecraft:ladder":16,"minecraft:shield":121,"farmersdelight:stove":3,"minecraft:chest":3,"minecraft:donkey_spawn_egg":1,"minecraft:stone":1,"minecraft:iron_sword":81,"minecraft:zombie_spawn_egg":14,"minecraft:rotten_flesh":4,"vinery:mead":2,"immersive_aircraft:quadrocopter":2,"aquamirae:golden_moth_spawn_egg":1,"minecraft:carrot":1,"aquamirae:captain_cornelia_spawn_egg":3,"minecraft:snowball":46,"minecraft:obsidian":9,"minecraft:stripped_spruce_log":3,"minecraft:spruce_boat":1,"minecraft:packed_ice":30,"bakery:iron_chair":1,"minecraft:villager_spawn_egg":11,"minecraft:bricks":5,"minecraft:lantern":1,"minecraft:grass_block":7,"minecraft:birch_sapling":3,"refurbished_furniture:meatlovers_pizza_slice":4,"minecraft:item_frame":1,"refurbished_furniture:white_trampoline":25,"minecraft:magma_block":14,"minecraft:bow":7,"minecraft:sweet_berries":31,"minecraft:hay_block":5,"minecraft:oak_sapling":23,"minecraft:furnace":3,"minecraft:cooked_cod":3,"minecraft:beetroot_seeds":21,"minecraft:egg":9,"minecraft:potato":7,"simplyswords:ribboncleaver":1,"farmersdelight:hamburger":3,"minecraft:dark_oak_stairs":3,"minecraft:damaged_anvil":1,"minecraft:cow_spawn_egg":2,"minecraft:oak_planks":12,"minecraft:stone_pickaxe":89,"minecraft:wooden_pickaxe":60,"wildlife:hedgehog":1,"minecraft:composter":1,"minecraft:blue_bed":6,"bakery:chocolate_box":1,"farm_and_charm:roaster":2,"aquamirae:tortured_soul_spawn_egg":3,"promenade:cotton_sakura_sapling":11,"minecraft:crossbow":10,"minecraft:sponge":11,"minecraft:squid_spawn_egg":1,"minecraft:pumpkin_seeds":5,"bakery:wandering_baker_spawn_egg":5,"minecraft:birch_fence":1,"minecraft:creeper_spawn_egg":1,"bakery:chocolate_gateau":1,"minecraft:bread":32,"minecraft:cyan_bed":1,"wildlife:ferret":2,"vinery:cherry_wine":2,"minecraft:cooked_rabbit":3,"immersive_aircraft:gyrodyne":1,"minecraft:ice":2,"minecraft:oak_fence":1,"minecraft:bone_meal":17,"minecraft:experience_bottle":1,"vinery:apple_log":1,"minecraft:rose_bush":12,"minecraft:trident":5,"minecraft:flint_and_steel":3,"minecraft:stone_shovel":157,"minecraft:redstone":1,"minecraft:spruce_planks":244,"refurbished_furniture:light_fridge":1,"minecraft:wooden_shovel":6,"minecraft:torch":56,"minecraft:dirt":294,"minecraft:wheat":1,"minecraft:hopper":23,"aquamirae:spinefish_spawn_egg":2,"farm_and_charm:tool_rack":2,"minecraft:spruce_stairs":11,"refurbished_furniture:television":7,"minecraft:spruce_fence":3,"minecraft:stone_brick_slab":1,"aquamirae:abyssal_brigantine":1,"minecraft:wooden_axe":98,"farm_and_charm:corn":8,"aquamirae:esca":1,"farm_and_charm:mincer":5,"minecraft:iron_axe":1054,"promenade:blueberries":3,"vinery:lilitu_wine":4,"aquamirae:abyssal_leggings":1,"minecraft:bamboo":1,"minecraft:sniffer_spawn_egg":2,"bakery:iron_bench":1,"farmersdelight:cooking_pot":1,"wildlife:sparrow":1,"minecraft:cooked_beef":2,"minecraft:enchanted_golden_apple":1,"farmersdelight:fried_egg":2,"minecraft:wheat_seeds":5,"minecraft:cooked_mutton":1,"minecraft:water_bucket":51,"farmersdelight:skillet":62,"minecraft:snow_block":1,"aquamirae:maw_spawn_egg":1,"farm_and_charm:scarecrow":2,"minecraft:baked_potato":5,"promenade:banana":1,"farmersdelight:golden_knife":32,"bakery:bread_crate":2,"minecraft:sniffer_egg":2,"aquamirae:eel_spawn_egg":1,"minecraft:spruce_sign":1,"minecraft:stonecutter":1,"minecraft:glow_item_frame":9,"minecraft:crafting_table":7,"minecraft:oak_slab":3,"farm_and_charm:strawberry":2,"simplyswords:tempest":4,"refurbished_furniture:oak_light_ceiling_fan":2,"minecraft:spruce_log":11,"minecraft:smoker":2,"aquamirae:pillagers_patrol_spawn_egg":2,"minecraft:cornflower":17,"refurbished_furniture:dark_electricity_generator":1,"bakery:iron_table":1,"minecraft:diamond_pickaxe":2,"minecraft:apple":5,"minecraft:diamond_shovel":186,"minecraft:sunflower":5,"man_of_many_planes:scarlet_biplane":1,"minecraft:iron_pickaxe":56,"minecraft:map":5,"sawmill:sawmill":1,"aquamirae:abyssal_boots":1,"aquamirae:anglerfish_spawn_egg":4,"minecraft:spruce_trapdoor":1,"aquamirae:maze_mother_spawn_egg":1,"minecraft:spruce_sapling":1,"minecraft:pink_bed":1,"farm_and_charm:cooking_pot":1,"minecraft:cobblestone":40,"minecraft:potion":1,"minecraft:end_crystal":9,"minecraft:purple_bed":4,"minecraft:bucket":52,"vinery:apple_tree_sapling":7,"promenade:sakura_trapdoor":14,"refurbished_furniture:red_bath":2}},"DataVersion":3465}