{"stats":{"minecraft:mined":{"minecraft:dark_oak_planks":2,"minecraft:spruce_planks":36,"vinery:apple_tree_sapling":3,"minecraft:grass_block":59,"minecraft:polished_diorite":1,"minecraft:composter":1,"vinery:apple_log":140,"minecraft:fire":2,"minecraft:dark_oak_stairs":3,"minecraft:dirt_path":1,"farm_and_charm:wild_strawberries":1,"minecraft:iron_block":1,"farm_and_charm:wild_beetroots":8,"minecraft:clay":1,"minecraft:torch":3,"minecraft:wall_torch":2,"minecraft:spruce_sign":1,"farm_and_charm:wild_onions":1,"minecraft:wheat":3,"minecraft:grass":35,"minecraft:oak_log":109,"minecraft:dirt":32,"vinery:apple_leaves":2,"minecraft:oak_leaves":4,"farmersdelight:onions":7,"minecraft:ladder":1,"minecraft:spruce_fence":4,"sawmill:sawmill":1,"minecraft:spruce_leaves":59,"minecraft:large_fern":5,"minecraft:carrots":1,"minecraft:peony":1,"minecraft:potatoes":12,"minecraft:packed_ice":62,"promenade:sakura_log":46,"minecraft:dandelion":1,"minecraft:crafting_table":2,"minecraft:tall_grass":20,"promenade:cotton_sakura_blossoms":5,"minecraft:blue_bed":1,"minecraft:spruce_stairs":6,"minecraft:sweet_berry_bush":24,"minecraft:ice":16,"minecraft:spruce_log":500,"farm_and_charm:wild_corn":4,"minecraft:birch_fence":2,"minecraft:fern":3},"minecraft:dropped":{"farmersdelight:hamburger":31,"minecraft:iron_sword":1,"minecraft:baked_potato":2,"minecraft:glass_bottle":1,"hangglider:reinforced_hang_glider":1,"minecraft:crossbow":1,"farmersdelight:rice":6,"minecraft:emerald":9,"bakery:toast":1,"backpacked:backpack":2,"minecraft:snowball":12,"aquamirae:anglerfish_spawn_egg":1,"aquamirae:maw_spawn_egg":1,"vinery:red_wine":2,"minecraft:dark_oak_planks":2,"minecraft:bone":6,"hangglider:hang_glider":2,"simplyswords:harbinger":1,"minecraft:beetroot":1,"minecraft:rotten_flesh":1,"aquamirae:tortured_soul_spawn_egg":1,"simplyswords:decaying_relic":1,"farm_and_charm:corn":17,"simplyswords:magiscythe":1,"minecraft:water_bucket":2,"minecraft:golden_boots":1,"minecraft:bread":40,"bakery:baguette":1,"vinery:lilitu_wine":1,"minecraft:wheat_seeds":2,"aquamirae:fin_cutter":1,"farmersdelight:skillet":1,"aquamirae:terrible_helmet":1,"vinery:cherry_wine":1,"minecraft:feather":2,"minecraft:apple":24,"simplyswords:flamewind":1,"minecraft:spruce_stairs":4,"refurbished_furniture:computer":1,"aquamirae:terrible_chestplate":1,"minecraft:stick":25,"simplyswords:magiblade":1,"minecraft:wooden_axe":2,"simplyswords:caelestis":1,"minecraft:potion":1,"farm_and_charm:onion":3,"minecraft:paper":4,"refurbished_furniture:red_bath":1,"vinery:knulp_wine":1,"minecraft:spruce_sapling":6,"minecraft:polished_diorite":2,"minecraft:sweet_berries":26,"promenade:cotton_sakura_sapling":5,"aquamirae:terrible_sword":1,"refurbished_furniture:television":1,"simplyswords:ribboncleaver":1,"minecraft:stone_shovel":3,"farmersdelight:cabbage_seeds":6,"vinery:mead":1,"simplyswords:magispear":1,"minecraft:clay_ball":4,"minecraft:spruce_fence":2,"minecraft:pumpkin_seeds":8,"farmersdelight:fried_egg":64,"minecraft:peony":2,"vinery:apple_tree_sapling":5,"minecraft:cake":1,"promenade:blueberries":47,"refurbished_furniture:meatlovers_pizza_slice":32,"aquamirae:terrible_boots":1,"simplyswords:enigma":1,"aquamirae:terrible_leggings":1,"minecraft:spruce_log":4,"minecraft:wooden_pickaxe":1,"minecraft:magma_block":1,"simplyswords:sunfire":1},"minecraft:killed":{"wildlife:rhino_beetle":1,"wildlife:phoebe":1,"minecraft:spider":1,"minecraft:skeleton":3,"aquamirae:spinefish":1,"aquamirae:captain_cornelia":2,"minecraft:creeper":1,"minecraft:sheep":1,"minecraft:pillager":1,"minecraft:zombie":12,"minecraft:stray":1,"aquamirae:maze_mother":1,"aquamirae:maw":1,"minecraft:polar_bear":3,"wildlife:glow_jellyfish":1,"aquamirae:anglerfish":2,"minecraft:player":3},"minecraft:used":{"minecraft:beetroot":1,"farm_and_charm:kernels":1,"vinery:red_wine":4,"aquamirae:abyssal_heaume":1,"minecraft:ladder":9,"minecraft:donkey_spawn_egg":1,"minecraft:stone":1,"minecraft:iron_sword":12,"minecraft:zombie_spawn_egg":14,"minecraft:rotten_flesh":2,"vinery:mead":2,"aquamirae:golden_moth_spawn_egg":1,"aquamirae:captain_cornelia_spawn_egg":3,"minecraft:snowball":26,"minecraft:obsidian":8,"minecraft:stripped_spruce_log":3,"minecraft:spruce_boat":1,"minecraft:packed_ice":30,"bakery:iron_chair":1,"minecraft:villager_spawn_egg":11,"minecraft:grass_block":7,"refurbished_furniture:meatlovers_pizza_slice":4,"minecraft:item_frame":1,"refurbished_furniture:white_trampoline":25,"minecraft:magma_block":14,"minecraft:bow":7,"minecraft:sweet_berries":31,"minecraft:beetroot_seeds":21,"minecraft:egg":1,"simplyswords:ribboncleaver":1,"farmersdelight:hamburger":3,"minecraft:dark_oak_stairs":3,"minecraft:wooden_pickaxe":60,"wildlife:hedgehog":1,"minecraft:composter":1,"bakery:chocolate_box":1,"farm_and_charm:roaster":2,"aquamirae:tortured_soul_spawn_egg":3,"promenade:cotton_sakura_sapling":11,"minecraft:crossbow":10,"minecraft:sponge":11,"minecraft:squid_spawn_egg":1,"bakery:wandering_baker_spawn_egg":5,"minecraft:pumpkin_seeds":5,"minecraft:birch_fence":1,"bakery:chocolate_gateau":1,"minecraft:bread":28,"wildlife:ferret":2,"vinery:cherry_wine":2,"minecraft:ice":2,"minecraft:bone_meal":17,"minecraft:experience_bottle":1,"minecraft:trident":5,"minecraft:flint_and_steel":2,"minecraft:stone_shovel":29,"minecraft:redstone":1,"minecraft:spruce_planks":244,"refurbished_furniture:light_fridge":1,"minecraft:wooden_shovel":6,"minecraft:torch":33,"minecraft:dirt":191,"minecraft:wheat":1,"aquamirae:spinefish_spawn_egg":2,"farm_and_charm:tool_rack":2,"minecraft:spruce_stairs":1,"refurbished_furniture:television":7,"minecraft:stone_brick_slab":1,"aquamirae:abyssal_brigantine":1,"minecraft:wooden_axe":98,"farm_and_charm:corn":8,"aquamirae:esca":1,"farm_and_charm:mincer":1,"minecraft:iron_axe":905,"promenade:blueberries":3,"vinery:lilitu_wine":4,"aquamirae:abyssal_leggings":1,"bakery:iron_bench":1,"wildlife:sparrow":1,"minecraft:enchanted_golden_apple":1,"minecraft:wheat_seeds":5,"minecraft:cooked_mutton":1,"minecraft:water_bucket":43,"farmersdelight:skillet":35,"minecraft:snow_block":1,"aquamirae:maw_spawn_egg":1,"farm_and_charm:scarecrow":2,"minecraft:baked_potato":4,"farmersdelight:golden_knife":32,"bakery:bread_crate":2,"aquamirae:eel_spawn_egg":1,"minecraft:spruce_sign":1,"minecraft:glow_item_frame":9,"farm_and_charm:strawberry":2,"minecraft:crafting_table":7,"refurbished_furniture:oak_light_ceiling_fan":2,"minecraft:spruce_log":11,"aquamirae:pillagers_patrol_spawn_egg":2,"refurbished_furniture:dark_electricity_generator":1,"bakery:iron_table":1,"minecraft:diamond_pickaxe":2,"minecraft:cornflower":11,"minecraft:apple":5,"minecraft:sunflower":3,"sawmill:sawmill":1,"minecraft:map":5,"aquamirae:abyssal_boots":1,"aquamirae:anglerfish_spawn_egg":4,"aquamirae:maze_mother_spawn_egg":1,"minecraft:spruce_sapling":1,"farm_and_charm:cooking_pot":1,"minecraft:cobblestone":35,"minecraft:potion":1,"minecraft:end_crystal":9,"minecraft:purple_bed":4,"minecraft:bucket":41,"vinery:apple_tree_sapling":7,"refurbished_furniture:red_bath":2},"minecraft:crafted":{"vinery:dark_cherry_sapling":2,"promenade:cotton_sakura_sapling":1,"minecraft:crafting_table":4,"minecraft:spruce_planks":384,"minecraft:wooden_pickaxe":2,"minecraft:stick":16,"vinery:grass_slab":3,"minecraft:iron_ingot":9,"minecraft:stone_shovel":5,"vinery:savanna_grape_seeds_red":1,"minecraft:bone_meal":15,"minecraft:iron_axe":2,"minecraft:ladder":8,"minecraft:spruce_boat":1,"minecraft:iron_sword":1,"minecraft:bucket":2,"vinery:savanna_grape_seeds_white":1,"minecraft:wooden_axe":4,"minecraft:torch":4},"minecraft:killed_by":{"minecraft:creeper":1,"minecraft:vindicator":1,"minecraft:zombie":1,"minecraft:player":2},"minecraft:broken":{"minecraft:golden_boots":1,"minecraft:wooden_axe":2,"minecraft:wooden_pickaxe":1,"farmersdelight:golden_knife":1,"minecraft:iron_axe":3},"minecraft:picked_up":{"minecraft:wooden_axe":1,"minecraft:wheat":3,"farm_and_charm:kernels":1,"minecraft:lead":2,"aquamirae:coral_lance":2,"minecraft:string":18,"aquamirae:pirate_pouch":1,"minecraft:beetroot":29,"minecraft:activator_rail":2,"promenade:sakura_log":46,"minecraft:spruce_planks":55,"minecraft:azalea":12,"minecraft:iron_pickaxe":1,"hangglider:hang_glider":1,"aquamirae:terrible_helmet":1,"farmersdelight:cabbage_seeds":12,"minecraft:tipped_arrow":1,"aquamirae:frozen_key":1,"minecraft:stick":173,"aquamirae:spinefish_spawn_egg":1,"minecraft:composter":1,"minecraft:torch":50,"minecraft:spruce_stairs":5,"minecraft:porkchop":3,"aquamirae:esca":2,"minecraft:rotten_flesh":13,"farmersdelight:onion":21,"minecraft:iron_block":1,"farmersdelight:rope":54,"farm_and_charm:corn":25,"vinery:apple_log":125,"minecraft:cod":15,"minecraft:snowball":26,"minecraft:cobblestone":2,"minecraft:feather":3,"farmersdelight:rice":6,"minecraft:water_bucket":2,"promenade:cotton_sakura_sapling":15,"minecraft:potato":34,"aquamirae:three_bolt_helmet":2,"minecraft:dirt":224,"aquamirae:fin":8,"minecraft:name_tag":2,"farm_and_charm:tool_rack":1,"minecraft:bone":8,"minecraft:wheat_seeds":46,"promenade:blueberries":52,"minecraft:powered_rail":2,"vinery:cherry_wine":1,"patchouli:guide_book":1,"aquamirae:anglers_fang":3,"minecraft:ink_sac":2,"minecraft:white_candle":1,"minecraft:crossbow":1,"minecraft:bone_meal":2,"minecraft:golden_apple":1,"minecraft:bread":16,"minecraft:emerald":6,"minecraft:oak_sapling":52,"minecraft:diamond_pickaxe":1,"aquamirae:anglerfish_spawn_egg":1,"minecraft:crafting_table":2,"minecraft:chicken":5,"minecraft:ladder":1,"minecraft:brown_mushroom":1,"minecraft:moss_carpet":87,"minecraft:item_frame":1,"minecraft:birch_fence":1,"vinery:red_wine":2,"minecraft:detector_rail":1,"vinery:apple_tree_sapling":60,"aquamirae:dead_sea_scroll":3,"sawmill:sawmill":1,"minecraft:egg":1,"minecraft:squid_spawn_egg":1,"exposure:photograph":2,"wildlife:raw_anglerfish":34,"minecraft:spruce_fence":5,"farmersdelight:tomato_seeds":2,"minecraft:cake":1,"minecraft:dark_oak_planks":2,"minecraft:arrow":4,"minecraft:beetroot_seeds":10,"minecraft:peony":2,"farm_and_charm:strawberry":2,"minecraft:gold_ingot":6,"minecraft:glow_berries":10,"minecraft:mutton":8,"minecraft:white_wool":4,"minecraft:rail":30,"minecraft:salmon":4,"aquamirae:spinefish":4,"minecraft:filled_map":2,"minecraft:oak_log":99,"minecraft:gunpowder":2,"farmersdelight:skillet":1,"farm_and_charm:onion":6,"minecraft:blue_bed":1,"minecraft:paper":4,"aquamirae:maw_spawn_egg":1,"minecraft:cooked_mutton":1,"minecraft:apple":24,"farmersdelight:cooking_pot":1,"minecraft:glass_bottle":1,"minecraft:flowering_azalea":10,"minecraft:iron_sword":1,"minecraft:dark_oak_stairs":3,"hangglider:reinforced_hang_glider":1,"aquamirae:ship_graveyard_echo":1,"vinery:lilitu_wine":1,"minecraft:sweet_berries":54,"minecraft:gravel":5,"minecraft:spruce_sapling":131,"minecraft:spruce_log":412,"minecraft:pumpkin_seeds":4,"minecraft:polished_diorite":2,"minecraft:gray_wool":1,"minecraft:baked_potato":3,"minecraft:black_wool":1,"minecraft:melon_seeds":3,"minecraft:coal":4},"minecraft:custom":{"minecraft:animals_bred":2,"minecraft:interact_with_crafting_table":15,"minecraft:open_barrel":4,"minecraft:leave_game":13,"minecraft:time_since_death":56126,"minecraft:damage_resisted":42,"minecraft:sprint_one_cm":481014,"minecraft:drop":174,"minecraft:talked_to_villager":23,"minecraft:play_time":378028,"minecraft:deaths":11,"minecraft:jump":4952,"minecraft:walk_on_water_one_cm":36456,"minecraft:traded_with_villager":6,"minecraft:sleep_in_bed":12,"minecraft:damage_dealt":10756,"minecraft:player_kills":3,"minecraft:crouch_one_cm":47577,"minecraft:horse_one_cm":444,"minecraft:mob_kills":38,"minecraft:interact_with_campfire":3,"minecraft:climb_one_cm":336,"minecraft:walk_one_cm":884381,"minecraft:sneak_time":20761,"minecraft:walk_under_water_one_cm":136013,"minecraft:boat_one_cm":5737,"minecraft:interact_with_blast_furnace":1,"minecraft:total_world_time":378028,"minecraft:interact_with_grindstone":1,"minecraft:interact_with_stonecutter":4,"minecraft:time_since_rest":20903,"minecraft:damage_taken":4301,"minecraft:damage_absorbed":152,"minecraft:swim_one_cm":46056,"minecraft:fly_one_cm":1518959,"minecraft:open_chest":42,"minecraft:fall_one_cm":69400}},"DataVersion":3465}