{"stats":{"minecraft:picked_up":{"minecraft:bone":2,"minecraft:torch":1,"minecraft:wheat_seeds":2,"minecraft:gunpowder":2,"minecraft:spruce_log":2,"minecraft:mutton":2,"minecraft:white_wool":1},"minecraft:killed":{"minecraft:sheep":1,"minecraft:skeleton":1,"minecraft:zombie":1,"minecraft:creeper":1},"minecraft:mined":{"minecraft:packed_ice":3,"minecraft:spruce_leaves":1,"minecraft:spruce_log":2,"minecraft:fern":1},"minecraft:killed_by":{"minecraft:creeper":1,"minecraft:zombie":1},"minecraft:used":{"minecraft:torch":2,"minecraft:stone_brick_slab":1,"farmersdelight:skillet":10,"minecraft:cobblestone":4,"minecraft:villager_spawn_egg":2,"minecraft:purple_bed":4,"minecraft:stone":1},"minecraft:custom":{"minecraft:open_chest":5,"minecraft:time_since_rest":2722,"minecraft:crouch_one_cm":916,"minecraft:sprint_one_cm":32824,"minecraft:play_time":18248,"minecraft:walk_one_cm":29651,"minecraft:damage_taken":890,"minecraft:deaths":3,"minecraft:sneak_time":889,"minecraft:walk_under_water_one_cm":2341,"minecraft:mob_kills":4,"minecraft:jump":286,"minecraft:interact_with_grindstone":1,"minecraft:damage_dealt":715,"minecraft:walk_on_water_one_cm":3457,"minecraft:leave_game":1,"minecraft:time_since_death":2691,"minecraft:total_world_time":18248,"minecraft:swim_one_cm":9603,"minecraft:talked_to_villager":2,"minecraft:fall_one_cm":6140,"minecraft:fly_one_cm":221796}},"DataVersion":3465}