{"stats":{"minecraft:crafted":{"minecraft:spruce_planks":24},"minecraft:picked_up":{"minecraft:filled_map":2,"aquamirae:coral_lance":2,"aquamirae:three_bolt_helmet":2,"minecraft:gunpowder":2,"farmersdelight:skillet":1,"minecraft:string":2,"aquamirae:pirate_pouch":1,"aquamirae:fin":8,"aquamirae:maw_spawn_egg":1,"farm_and_charm:tool_rack":1,"minecraft:bone":3,"vinery:red_wine":2,"minecraft:wheat_seeds":3,"aquamirae:dead_sea_scroll":3,"aquamirae:terrible_helmet":1,"vinery:cherry_wine":1,"hangglider:reinforced_hang_glider":1,"aquamirae:frozen_key":1,"vinery:lilitu_wine":1,"aquamirae:ship_graveyard_echo":1,"minecraft:torch":1,"minecraft:cake":1,"minecraft:spruce_log":8,"minecraft:white_candle":1,"minecraft:rotten_flesh":5,"minecraft:mutton":2,"minecraft:snowball":26,"minecraft:white_wool":1},"minecraft:mined":{"minecraft:spruce_leaves":11,"minecraft:spruce_log":8,"minecraft:packed_ice":3,"minecraft:fern":1},"minecraft:dropped":{"farmersdelight:hamburger":31,"bakery:baguette":1,"vinery:lilitu_wine":1,"hangglider:hang_glider":1,"simplyswords:harbinger":1,"aquamirae:fin_cutter":1,"aquamirae:terrible_sword":1,"farmersdelight:skillet":1,"refurbished_furniture:television":1,"vinery:cherry_wine":1,"aquamirae:terrible_helmet":1,"simplyswords:ribboncleaver":1,"hangglider:reinforced_hang_glider":1,"vinery:mead":1,"simplyswords:magispear":1,"aquamirae:tortured_soul_spawn_egg":1,"simplyswords:flamewind":1,"refurbished_furniture:computer":1,"aquamirae:terrible_chestplate":1,"bakery:toast":1,"simplyswords:magiblade":1,"farmersdelight:fried_egg":64,"simplyswords:decaying_relic":1,"backpacked:backpack":1,"minecraft:cake":1,"simplyswords:caelestis":1,"refurbished_furniture:meatlovers_pizza_slice":32,"aquamirae:terrible_boots":1,"simplyswords:enigma":1,"aquamirae:maw_spawn_egg":1,"vinery:red_wine":2,"aquamirae:terrible_leggings":1,"refurbished_furniture:red_bath":1,"vinery:knulp_wine":1,"simplyswords:magiscythe":1,"simplyswords:sunfire":1},"minecraft:killed_by":{"minecraft:creeper":1,"minecraft:zombie":1},"minecraft:killed":{"aquamirae:maw":1,"minecraft:spider":1,"aquamirae:maze_mother":1,"aquamirae:captain_cornelia":2,"minecraft:creeper":1,"minecraft:sheep":1,"wildlife:glow_jellyfish":1,"minecraft:skeleton":2,"minecraft:zombie":7,"aquamirae:spinefish":1},"minecraft:custom":{"minecraft:mob_kills":21,"minecraft:interact_with_grindstone":1,"minecraft:leave_game":2,"minecraft:time_since_death":853,"minecraft:time_since_rest":885,"minecraft:sprint_one_cm":72118,"minecraft:damage_taken":1600,"minecraft:walk_one_cm":170267,"minecraft:drop":37,"minecraft:damage_dealt":6828,"minecraft:talked_to_villager":4,"minecraft:swim_one_cm":11092,"minecraft:fly_one_cm":399370,"minecraft:open_chest":5,"minecraft:crouch_one_cm":6240,"minecraft:play_time":76566,"minecraft:deaths":4,"minecraft:sneak_time":3059,"minecraft:walk_under_water_one_cm":60674,"minecraft:jump":1754,"minecraft:walk_on_water_one_cm":10595,"minecraft:total_world_time":76566,"minecraft:fall_one_cm":12743,"minecraft:horse_one_cm":444},"minecraft:used":{"minecraft:water_bucket":1,"minecraft:redstone":1,"farmersdelight:skillet":35,"aquamirae:maw_spawn_egg":1,"vinery:red_wine":4,"farm_and_charm:scarecrow":2,"aquamirae:abyssal_heaume":1,"minecraft:donkey_spawn_egg":1,"refurbished_furniture:light_fridge":1,"bakery:bread_crate":2,"minecraft:zombie_spawn_egg":14,"minecraft:spruce_planks":27,"minecraft:stone":1,"aquamirae:eel_spawn_egg":1,"vinery:mead":2,"minecraft:torch":2,"bakery:chocolate_box":1,"farm_and_charm:roaster":2,"farm_and_charm:tool_rack":2,"aquamirae:golden_moth_spawn_egg":1,"aquamirae:tortured_soul_spawn_egg":3,"aquamirae:spinefish_spawn_egg":2,"refurbished_furniture:oak_light_ceiling_fan":2,"refurbished_furniture:television":7,"aquamirae:captain_cornelia_spawn_egg":3,"bakery:wandering_baker_spawn_egg":5,"minecraft:snowball":26,"minecraft:packed_ice":30,"aquamirae:pillagers_patrol_spawn_egg":2,"refurbished_furniture:dark_electricity_generator":1,"minecraft:stone_brick_slab":1,"aquamirae:abyssal_brigantine":1,"bakery:iron_table":1,"bakery:iron_chair":1,"farm_and_charm:mincer":1,"minecraft:villager_spawn_egg":2,"bakery:chocolate_gateau":1,"minecraft:grass_block":3,"refurbished_furniture:meatlovers_pizza_slice":4,"aquamirae:abyssal_boots":1,"aquamirae:anglerfish_spawn_egg":2,"vinery:lilitu_wine":4,"aquamirae:abyssal_leggings":1,"aquamirae:maze_mother_spawn_egg":1,"farm_and_charm:cooking_pot":1,"refurbished_furniture:white_trampoline":25,"vinery:cherry_wine":2,"minecraft:cobblestone":4,"minecraft:bow":7,"bakery:iron_bench":1,"minecraft:purple_bed":4,"minecraft:ice":2,"simplyswords:ribboncleaver":1,"refurbished_furniture:red_bath":2,"farmersdelight:hamburger":3}},"DataVersion":3465}