{"stats":{"minecraft:killed":{"wildlife:rhino_beetle":1,"wildlife:phoebe":1,"minecraft:spider":1,"minecraft:skeleton":3,"aquamirae:spinefish":1,"aquamirae:captain_cornelia":2,"minecraft:creeper":1,"minecraft:sheep":1,"minecraft:pillager":1,"minecraft:zombie":9,"minecraft:stray":1,"aquamirae:maze_mother":1,"aquamirae:maw":1,"minecraft:polar_bear":3,"wildlife:glow_jellyfish":1,"aquamirae:anglerfish":2,"minecraft:player":3},"minecraft:dropped":{"farmersdelight:hamburger":31,"minecraft:iron_sword":1,"minecraft:baked_potato":2,"minecraft:glass_bottle":1,"hangglider:reinforced_hang_glider":1,"farmersdelight:rice":6,"minecraft:emerald":9,"bakery:toast":1,"backpacked:backpack":2,"minecraft:snowball":12,"aquamirae:anglerfish_spawn_egg":1,"aquamirae:maw_spawn_egg":1,"vinery:red_wine":2,"minecraft:bone":6,"hangglider:hang_glider":1,"simplyswords:harbinger":1,"minecraft:beetroot":1,"minecraft:rotten_flesh":1,"aquamirae:tortured_soul_spawn_egg":1,"simplyswords:decaying_relic":1,"simplyswords:magiscythe":1,"minecraft:water_bucket":2,"minecraft:golden_boots":1,"minecraft:bread":40,"bakery:baguette":1,"vinery:lilitu_wine":1,"minecraft:wheat_seeds":2,"aquamirae:fin_cutter":1,"farmersdelight:skillet":1,"aquamirae:terrible_helmet":1,"vinery:cherry_wine":1,"minecraft:feather":2,"minecraft:apple":24,"simplyswords:flamewind":1,"minecraft:spruce_stairs":4,"refurbished_furniture:computer":1,"aquamirae:terrible_chestplate":1,"simplyswords:magiblade":1,"minecraft:wooden_axe":2,"simplyswords:caelestis":1,"minecraft:potion":1,"farm_and_charm:onion":3,"minecraft:paper":4,"refurbished_furniture:red_bath":1,"vinery:knulp_wine":1,"minecraft:spruce_sapling":6,"minecraft:polished_diorite":2,"minecraft:sweet_berries":26,"aquamirae:terrible_sword":1,"refurbished_furniture:television":1,"simplyswords:ribboncleaver":1,"farmersdelight:cabbage_seeds":6,"minecraft:stone_shovel":3,"vinery:mead":1,"minecraft:clay_ball":4,"simplyswords:magispear":1,"minecraft:spruce_fence":2,"minecraft:pumpkin_seeds":8,"farmersdelight:fried_egg":64,"vinery:apple_tree_sapling":5,"minecraft:cake":1,"promenade:blueberries":47,"refurbished_furniture:meatlovers_pizza_slice":32,"aquamirae:terrible_boots":1,"simplyswords:enigma":1,"aquamirae:terrible_leggings":1,"minecraft:wooden_pickaxe":1,"simplyswords:sunfire":1},"minecraft:mined":{"minecraft:dark_oak_planks":2,"minecraft:spruce_planks":34,"vinery:apple_tree_sapling":3,"minecraft:grass_block":52,"minecraft:polished_diorite":1,"minecraft:composter":1,"vinery:apple_log":6,"minecraft:fire":2,"minecraft:dark_oak_stairs":3,"minecraft:dirt_path":1,"farm_and_charm:wild_strawberries":1,"minecraft:iron_block":1,"farm_and_charm:wild_beetroots":8,"minecraft:clay":1,"minecraft:torch":3,"minecraft:wall_torch":2,"minecraft:spruce_sign":1,"farm_and_charm:wild_onions":1,"minecraft:wheat":3,"minecraft:grass":29,"minecraft:dirt":20,"vinery:apple_leaves":2,"farmersdelight:onions":7,"minecraft:spruce_fence":4,"sawmill:sawmill":1,"minecraft:spruce_leaves":59,"minecraft:large_fern":5,"minecraft:carrots":1,"minecraft:potatoes":12,"minecraft:packed_ice":62,"promenade:sakura_log":18,"minecraft:dandelion":1,"minecraft:crafting_table":2,"minecraft:tall_grass":17,"promenade:cotton_sakura_blossoms":3,"minecraft:blue_bed":1,"minecraft:spruce_stairs":6,"minecraft:sweet_berry_bush":24,"minecraft:ice":14,"minecraft:spruce_log":500,"farm_and_charm:wild_corn":4,"minecraft:birch_fence":2,"minecraft:fern":3},"minecraft:picked_up":{"minecraft:wooden_axe":1,"minecraft:wheat":3,"farm_and_charm:kernels":1,"minecraft:lead":2,"aquamirae:coral_lance":2,"minecraft:string":18,"aquamirae:pirate_pouch":1,"minecraft:beetroot":29,"promenade:sakura_log":18,"minecraft:activator_rail":2,"minecraft:spruce_planks":53,"minecraft:azalea":12,"minecraft:iron_pickaxe":1,"aquamirae:terrible_helmet":1,"farmersdelight:cabbage_seeds":12,"minecraft:tipped_arrow":1,"aquamirae:frozen_key":1,"minecraft:stick":86,"aquamirae:spinefish_spawn_egg":1,"minecraft:composter":1,"minecraft:torch":46,"minecraft:spruce_stairs":5,"minecraft:porkchop":3,"aquamirae:esca":2,"minecraft:rotten_flesh":10,"farmersdelight:onion":21,"minecraft:iron_block":1,"farmersdelight:rope":54,"farm_and_charm:corn":25,"minecraft:cod":15,"minecraft:snowball":26,"vinery:apple_log":6,"minecraft:cobblestone":2,"minecraft:feather":3,"farmersdelight:rice":6,"minecraft:water_bucket":2,"promenade:cotton_sakura_sapling":6,"minecraft:potato":34,"aquamirae:three_bolt_helmet":2,"minecraft:dirt":175,"aquamirae:fin":8,"minecraft:name_tag":2,"farm_and_charm:tool_rack":1,"minecraft:bone":8,"minecraft:wheat_seeds":44,"promenade:blueberries":52,"minecraft:powered_rail":2,"vinery:cherry_wine":1,"patchouli:guide_book":1,"aquamirae:anglers_fang":3,"minecraft:ink_sac":2,"minecraft:white_candle":1,"minecraft:crossbow":1,"minecraft:bone_meal":1,"minecraft:golden_apple":1,"minecraft:emerald":2,"minecraft:bread":16,"aquamirae:anglerfish_spawn_egg":1,"minecraft:diamond_pickaxe":1,"minecraft:crafting_table":2,"minecraft:chicken":5,"minecraft:brown_mushroom":1,"minecraft:moss_carpet":87,"minecraft:item_frame":1,"minecraft:birch_fence":1,"vinery:red_wine":2,"minecraft:detector_rail":1,"vinery:apple_tree_sapling":8,"aquamirae:dead_sea_scroll":3,"sawmill:sawmill":1,"minecraft:egg":1,"minecraft:squid_spawn_egg":1,"exposure:photograph":2,"wildlife:raw_anglerfish":34,"minecraft:spruce_fence":5,"farmersdelight:tomato_seeds":2,"minecraft:cake":1,"minecraft:dark_oak_planks":1,"minecraft:arrow":4,"minecraft:beetroot_seeds":10,"farm_and_charm:strawberry":2,"minecraft:gold_ingot":6,"minecraft:mutton":8,"minecraft:glow_berries":10,"minecraft:white_wool":4,"minecraft:rail":30,"minecraft:salmon":4,"aquamirae:spinefish":4,"minecraft:filled_map":2,"minecraft:gunpowder":2,"farmersdelight:skillet":1,"farm_and_charm:onion":6,"minecraft:blue_bed":1,"minecraft:paper":4,"aquamirae:maw_spawn_egg":1,"minecraft:cooked_mutton":1,"minecraft:apple":12,"farmersdelight:cooking_pot":1,"minecraft:glass_bottle":1,"minecraft:flowering_azalea":10,"minecraft:iron_sword":1,"minecraft:dark_oak_stairs":3,"hangglider:reinforced_hang_glider":1,"vinery:lilitu_wine":1,"aquamirae:ship_graveyard_echo":1,"minecraft:sweet_berries":54,"minecraft:gravel":5,"minecraft:spruce_sapling":131,"minecraft:spruce_log":410,"minecraft:pumpkin_seeds":4,"minecraft:polished_diorite":2,"minecraft:gray_wool":1,"minecraft:baked_potato":3,"minecraft:black_wool":1,"minecraft:melon_seeds":3,"minecraft:coal":4},"minecraft:crafted":{"promenade:cotton_sakura_sapling":1,"minecraft:crafting_table":4,"minecraft:spruce_planks":384,"minecraft:wooden_pickaxe":2,"minecraft:stick":16,"minecraft:iron_ingot":9,"minecraft:stone_shovel":5,"minecraft:bone_meal":15,"minecraft:iron_axe":2,"minecraft:spruce_boat":1,"minecraft:iron_sword":1,"minecraft:bucket":2,"minecraft:wooden_axe":4,"minecraft:torch":4},"minecraft:custom":{"minecraft:interact_with_crafting_table":15,"minecraft:open_barrel":4,"minecraft:leave_game":11,"minecraft:time_since_death":117074,"minecraft:damage_resisted":42,"minecraft:sprint_one_cm":373866,"minecraft:drop":142,"minecraft:talked_to_villager":19,"minecraft:play_time":292789,"minecraft:deaths":10,"minecraft:jump":3987,"minecraft:walk_on_water_one_cm":23925,"minecraft:traded_with_villager":1,"minecraft:sleep_in_bed":8,"minecraft:damage_dealt":10147,"minecraft:player_kills":3,"minecraft:crouch_one_cm":28058,"minecraft:horse_one_cm":444,"minecraft:mob_kills":34,"minecraft:interact_with_campfire":3,"minecraft:walk_one_cm":719805,"minecraft:sneak_time":14467,"minecraft:walk_under_water_one_cm":132784,"minecraft:boat_one_cm":5737,"minecraft:interact_with_blast_furnace":1,"minecraft:total_world_time":292789,"minecraft:interact_with_grindstone":1,"minecraft:interact_with_stonecutter":2,"minecraft:time_since_rest":5966,"minecraft:damage_taken":3530,"minecraft:damage_absorbed":152,"minecraft:swim_one_cm":46056,"minecraft:fly_one_cm":1164517,"minecraft:open_chest":39,"minecraft:fall_one_cm":54526},"minecraft:killed_by":{"minecraft:creeper":1,"minecraft:vindicator":1,"minecraft:zombie":1,"minecraft:player":1},"minecraft:broken":{"minecraft:wooden_axe":2,"minecraft:wooden_pickaxe":1,"farmersdelight:golden_knife":1,"minecraft:iron_axe":2},"minecraft:used":{"minecraft:beetroot":1,"farm_and_charm:kernels":1,"vinery:red_wine":4,"aquamirae:abyssal_heaume":1,"minecraft:donkey_spawn_egg":1,"minecraft:stone":1,"minecraft:iron_sword":8,"minecraft:zombie_spawn_egg":14,"minecraft:rotten_flesh":2,"vinery:mead":2,"aquamirae:golden_moth_spawn_egg":1,"aquamirae:captain_cornelia_spawn_egg":3,"minecraft:snowball":26,"minecraft:obsidian":8,"minecraft:stripped_spruce_log":3,"minecraft:spruce_boat":1,"minecraft:packed_ice":30,"bakery:iron_chair":1,"minecraft:villager_spawn_egg":11,"minecraft:grass_block":3,"refurbished_furniture:meatlovers_pizza_slice":4,"minecraft:item_frame":1,"refurbished_furniture:white_trampoline":25,"minecraft:bow":7,"minecraft:sweet_berries":31,"minecraft:beetroot_seeds":21,"minecraft:egg":1,"simplyswords:ribboncleaver":1,"farmersdelight:hamburger":3,"minecraft:dark_oak_stairs":3,"minecraft:wooden_pickaxe":60,"wildlife:hedgehog":1,"minecraft:composter":1,"bakery:chocolate_box":1,"farm_and_charm:roaster":2,"aquamirae:tortured_soul_spawn_egg":3,"promenade:cotton_sakura_sapling":7,"minecraft:crossbow":7,"minecraft:sponge":11,"minecraft:squid_spawn_egg":1,"bakery:wandering_baker_spawn_egg":5,"minecraft:pumpkin_seeds":5,"minecraft:birch_fence":1,"bakery:chocolate_gateau":1,"minecraft:bread":22,"wildlife:ferret":2,"vinery:cherry_wine":2,"minecraft:ice":2,"minecraft:bone_meal":16,"minecraft:experience_bottle":1,"minecraft:trident":5,"minecraft:flint_and_steel":2,"minecraft:stone_shovel":29,"minecraft:redstone":1,"minecraft:spruce_planks":234,"refurbished_furniture:light_fridge":1,"minecraft:wooden_shovel":6,"minecraft:torch":25,"minecraft:dirt":37,"farm_and_charm:tool_rack":2,"aquamirae:spinefish_spawn_egg":2,"minecraft:spruce_stairs":1,"refurbished_furniture:television":7,"minecraft:stone_brick_slab":1,"aquamirae:abyssal_brigantine":1,"minecraft:wooden_axe":98,"farm_and_charm:corn":5,"aquamirae:esca":1,"farm_and_charm:mincer":1,"minecraft:iron_axe":595,"promenade:blueberries":3,"vinery:lilitu_wine":4,"aquamirae:abyssal_leggings":1,"bakery:iron_bench":1,"wildlife:sparrow":1,"minecraft:enchanted_golden_apple":1,"minecraft:wheat_seeds":5,"minecraft:cooked_mutton":1,"minecraft:water_bucket":14,"farmersdelight:skillet":35,"minecraft:snow_block":1,"aquamirae:maw_spawn_egg":1,"farm_and_charm:scarecrow":2,"minecraft:baked_potato":1,"farmersdelight:golden_knife":32,"bakery:bread_crate":2,"aquamirae:eel_spawn_egg":1,"minecraft:spruce_sign":1,"farm_and_charm:strawberry":2,"minecraft:crafting_table":7,"refurbished_furniture:oak_light_ceiling_fan":2,"minecraft:spruce_log":7,"aquamirae:pillagers_patrol_spawn_egg":2,"refurbished_furniture:dark_electricity_generator":1,"bakery:iron_table":1,"minecraft:diamond_pickaxe":2,"minecraft:apple":1,"sawmill:sawmill":1,"aquamirae:abyssal_boots":1,"aquamirae:anglerfish_spawn_egg":4,"aquamirae:maze_mother_spawn_egg":1,"minecraft:spruce_sapling":1,"farm_and_charm:cooking_pot":1,"minecraft:cobblestone":33,"minecraft:potion":1,"minecraft:end_crystal":9,"minecraft:purple_bed":4,"minecraft:bucket":14,"vinery:apple_tree_sapling":7,"refurbished_furniture:red_bath":2}},"DataVersion":3465}