{"stats":{"minecraft:crafted":{"minecraft:wooden_sword":1,"minecraft:crafting_table":1,"minecraft:spruce_planks":16,"minecraft:stick":4,"minecraft:wooden_axe":1},"minecraft:picked_up":{"simplyswords:harbinger":1,"backpacked:backpack":1,"aquamirae:spinefish":1,"farmersdelight:skillet":1,"minecraft:elytra":1,"aquamirae:fin":4,"minecraft:bone":1,"vinery:red_wine":1,"vinery:knulp_wine":2,"aquamirae:terrible_leggings":2,"aquamirae:fin_cutter":1,"hangglider:hang_glider":1,"aquamirae:terrible_helmet":1,"aquamirae:terrible_sword":1,"aquamirae:terrible_boots":3,"simplyswords:sunfire":1,"aquamirae:ship_graveyard_echo":6,"patchouli:guide_book":1,"aquamirae:oxygen_tank":1,"bakery:toast":1,"minecraft:cake":1,"minecraft:spruce_log":12,"aquamirae:terrible_chestplate":1,"bakery:chocolate_gateau":1,"minecraft:zombie_spawn_egg":1,"minecraft:firework_rocket":1,"minecraft:rotten_flesh":3,"refurbished_furniture:meatlovers_pizza_slice":32,"simplyswords:caelestis":1,"farmersdelight:hamburger":31,"refurbished_furniture:spruce_chair":1,"aquamirae:treasure_pouch":3,"bakery:baguette":1},"minecraft:mined":{"minecraft:spruce_leaves":6,"farmersdelight:skillet":1,"minecraft:spruce_log":8},"minecraft:dropped":{"exposure:black_and_white_film":1,"minecraft:zombie_spawn_egg":1,"aquamirae:fin_cutter":1,"simplyswords:iron_katana":1,"simplyswords:harbinger":1,"aquamirae:terrible_sword":1,"farmersdelight:skillet":1,"aquamirae:terrible_helmet":1,"minecraft:rotten_flesh":3,"minecraft:white_candle":1,"minecraft:piglin_head":1,"minecraft:elytra":2,"patchouli:guide_book":1,"aquamirae:three_bolt_helmet":1,"refurbished_furniture:spruce_chair":2,"aquamirae:maze_mother_spawn_egg":1,"aquamirae:fin":4,"aquamirae:oxygen_tank":1,"exposure:camera":1,"minecraft:wooden_axe":1,"minecraft:cake":2,"aquamirae:terrible_boots":3,"refurbished_furniture:meatlovers_pizza_slice":31,"simplyswords:caelestis":1,"vinery:red_wine":1,"aquamirae:terrible_leggings":2,"minecraft:wooden_sword":1,"another_furniture:oak_chair":1,"minecraft:spruce_log":8,"vinery:knulp_wine":2,"simplyswords:sunfire":1,"minecraft:firework_rocket":2},"minecraft:killed":{"aquamirae:maze_mother":1,"minecraft:vindicator":1,"wildlife:sanddollar":1,"aquamirae:captain_cornelia":1,"aquamirae:tortured_soul":1,"minecraft:pillager":4,"minecraft:zombie":7,"aquamirae:spinefish":1,"aquamirae:eel":1},"minecraft:custom":{"minecraft:mob_kills":19,"minecraft:interact_with_crafting_table":2,"minecraft:leave_game":2,"minecraft:time_since_death":49862,"minecraft:time_since_rest":49862,"minecraft:sprint_one_cm":42985,"minecraft:damage_taken":410,"minecraft:walk_one_cm":127290,"minecraft:drop":47,"minecraft:damage_dealt":7923,"minecraft:talked_to_villager":2,"minecraft:fly_one_cm":145387,"minecraft:crouch_one_cm":7081,"minecraft:play_time":49862,"minecraft:sneak_time":1975,"minecraft:walk_under_water_one_cm":33436,"minecraft:aviate_one_cm":621321,"minecraft:jump":210,"minecraft:walk_on_water_one_cm":5703,"minecraft:total_world_time":49862,"minecraft:fall_one_cm":2490},"minecraft:used":{"simplyswords:sunfire":1,"farmersdelight:skillet":30,"vinery:red_wine":4,"simplyswords:harbinger":3,"minecraft:spruce_planks":11,"minecraft:white_candle":1,"another_furniture:oak_chair":1,"minecraft:crafting_table":1,"minecraft:cake":1,"minecraft:wooden_axe":4,"minecraft:firework_rocket":79,"refurbished_furniture:meatlovers_pizza_slice":1,"vinery:knulp_wine":6,"aquamirae:maze_mother_spawn_egg":1,"aquamirae:fin":1,"refurbished_furniture:spruce_chair":1,"bakery:toast":1,"minecraft:wooden_sword":1,"minecraft:splash_potion":4,"farmersdelight:hamburger":5}},"DataVersion":3465}