{
  "simplyswords:grant_book_on_first_join": {
    "criteria": {
      "tick": "2024-10-04 03:09:41 +0000"
    },
    "done": true
  },
  "minecraft:recipes/decorations/crafting_table": {
    "criteria": {
      "unlock_right_away": "2024-10-04 03:09:41 +0000"
    },
    "done": true
  },
  "farm_and_charm:main/root": {
    "criteria": {
      "example_criterion": "2024-10-04 03:09:41 +0000"
    },
    "done": true
  },
  "betterdeserttemples:root": {
    "criteria": {
      "always": "2024-10-04 03:09:41 +0000"
    },
    "done": true
  },
  "vinery:main/root": {
    "criteria": {
      "seeds": "2024-10-04 03:09:41 +0000"
    },
    "done": true
  },
  "farmersdelight:main/root": {
    "criteria": {
      "seeds": "2024-10-04 03:09:41 +0000"
    },
    "done": true
  },
  "bakery:main/root": {
    "criteria": {
      "seeds": "2024-10-04 03:09:41 +0000"
    },
    "done": true
  },
  "betterdungeons:root": {
    "criteria": {
      "always": "2024-10-04 03:09:41 +0000"
    },
    "done": true
  },
  "minecraft:adventure/adventuring_time": {
    "criteria": {
      "minecraft:taiga": "2024-10-04 03:09:41 +0000",
      "minecraft:frozen_river": "2024-10-04 03:32:58 +0000",
      "minecraft:frozen_ocean": "2024-10-04 03:40:30 +0000",
      "minecraft:deep_frozen_ocean": "2024-10-04 03:43:59 +0000",
      "minecraft:snowy_beach": "2024-10-04 03:40:26 +0000"
    },
    "done": false
  },
  "farm_and_charm:main/find_wild_crops": {
    "criteria": {
      "oat": "2024-10-04 03:09:41 +0000",
      "wild_strawberry": "2024-10-04 03:09:41 +0000",
      "corn": "2024-10-04 03:09:41 +0000",
      "onion": "2024-10-04 03:09:41 +0000",
      "wild_corn": "2024-10-04 03:09:41 +0000",
      "wild_ribwort": "2024-10-04 03:09:41 +0000",
      "strawberry": "2024-10-04 03:09:41 +0000",
      "wild_nettle": "2024-10-04 03:09:41 +0000",
      "barley": "2024-10-04 03:09:41 +0000",
      "tomato": "2024-10-04 03:09:41 +0000",
      "lettuce": "2024-10-04 03:09:41 +0000",
      "wild_lettuce": "2024-10-04 03:09:41 +0000",
      "wild_tomatoes": "2024-10-04 03:09:41 +0000",
      "oat_seeds": "2024-10-04 03:09:41 +0000",
      "tomato_seeds": "2024-10-04 03:09:41 +0000",
      "barley_seeds": "2024-10-04 03:09:41 +0000",
      "strawberry_seeds": "2024-10-04 03:09:41 +0000",
      "lettuce_seeds": "2024-10-04 03:09:41 +0000",
      "kernels": "2024-10-04 03:09:41 +0000",
      "wild_barley": "2024-10-04 03:09:41 +0000",
      "wild_onion": "2024-10-04 03:09:41 +0000",
      "wild_oat": "2024-10-04 03:09:41 +0000"
    },
    "done": true
  },
  "vinery:recipes/dirt_slab": {
    "criteria": {
      "has_dirt": "2024-10-04 03:14:51 +0000"
    },
    "done": true
  },
  "minecraft:recipes/building_blocks/spruce_wood": {
    "criteria": {
      "has_log": "2024-10-04 03:24:08 +0000"
    },
    "done": true
  },
  "minecraft:recipes/building_blocks/spruce_planks": {
    "criteria": {
      "has_logs": "2024-10-04 03:24:08 +0000"
    },
    "done": true
  },
  "minecraft:recipes/misc/charcoal": {
    "criteria": {
      "has_log": "2024-10-04 03:24:08 +0000"
    },
    "done": true
  },
  "promenade:recipes/crafting/blue_dye_from_blueberries": {
    "criteria": {
      "has_blueberry": "2024-10-04 03:24:33 +0000"
    },
    "done": true
  },
  "vinery:recipes/wine_bottle": {
    "criteria": {
      "has_glass_bottle": "2024-10-04 03:25:26 +0000"
    },
    "done": true
  },
  "minecraft:husbandry/root": {
    "criteria": {
      "consumed_item": "2024-10-04 03:25:26 +0000"
    },
    "done": true
  },
  "minecraft:adventure/root": {
    "criteria": {
      "killed_by_something": "2024-10-04 03:27:16 +0000"
    },
    "done": true
  },
  "refurbished_furniture:recipes/misc/slicing/red_dye_from_sweet_berries": {
    "criteria": {
      "has_sweet_berries": "2024-10-04 03:27:56 +0000"
    },
    "done": true
  },
  "farmersdelight:recipes/farmersdelight/sweet_berry_cookie": {
    "criteria": {
      "has_sweet_berries": "2024-10-04 03:27:56 +0000"
    },
    "done": true
  },
  "refurbished_furniture:recipes/frying/sweet_berry_jam": {
    "criteria": {
      "has_ingredient": "2024-10-04 03:27:56 +0000"
    },
    "done": true
  },
  "minecraft:recipes/food/baked_potato_from_campfire_cooking": {
    "criteria": {
      "has_potato": "2024-10-04 03:28:05 +0000"
    },
    "done": true
  },
  "farmersdelight:recipes/farmersdelight/cooking/baked_cod_stew": {
    "criteria": {
      "has_any_ingredient": "2024-10-04 03:28:05 +0000"
    },
    "done": true
  },
  "minecraft:recipes/food/baked_potato": {
    "criteria": {
      "has_potato": "2024-10-04 03:28:05 +0000"
    },
    "done": true
  },
  "refurbished_furniture:recipes/baking/baked_potato": {
    "criteria": {
      "has_ingredient": "2024-10-04 03:28:05 +0000"
    },
    "done": true
  },
  "farm_and_charm:recipes/potato_bag": {
    "criteria": {
      "has_potato": "2024-10-04 03:28:05 +0000"
    },
    "done": true
  },
  "minecraft:recipes/food/baked_potato_from_smoking": {
    "criteria": {
      "has_potato": "2024-10-04 03:28:05 +0000"
    },
    "done": true
  },
  "refurbished_furniture:recipes/heating/baked_potato": {
    "criteria": {
      "has_ingredient": "2024-10-04 03:28:05 +0000"
    },
    "done": true
  },
  "farmersdelight:recipes/farmersdelight/cooking/beef_stew": {
    "criteria": {
      "has_any_ingredient": "2024-10-04 03:28:05 +0000"
    },
    "done": true
  },
  "bakery:recipes/sandwich": {
    "criteria": {
      "has_bread": "2024-10-04 03:28:08 +0000"
    },
    "done": true
  },
  "refurbished_furniture:recipes/misc/slicing/bread_slice_from_bread": {
    "criteria": {
      "has_bread": "2024-10-04 03:28:08 +0000"
    },
    "done": true
  },
  "farmersdelight:main/get_fd_seed": {
    "criteria": {
      "cabbage_seeds": "2024-10-04 03:28:10 +0000"
    },
    "done": true
  },
  "farmersdelight:recipes/food/cooking/rabbit_stew": {
    "criteria": {
      "has_any_ingredient": "2024-10-04 03:29:31 +0000"
    },
    "done": true
  },
  "minecraft:recipes/misc/bowl": {
    "criteria": {
      "has_brown_mushroom": "2024-10-04 03:29:31 +0000"
    },
    "done": true
  },
  "farmersdelight:recipes/farmersdelight/cooking/vegetable_noodles": {
    "criteria": {
      "has_any_ingredient": "2024-10-04 03:29:31 +0000"
    },
    "done": true
  },
  "farmersdelight:recipes/farmersdelight/cooking/mushroom_rice": {
    "criteria": {
      "has_any_ingredient": "2024-10-04 03:29:31 +0000"
    },
    "done": true
  },
  "minecraft:recipes/food/mushroom_stew": {
    "criteria": {
      "has_brown_mushroom": "2024-10-04 03:29:31 +0000"
    },
    "done": true
  },
  "farmersdelight:recipes/food/cooking/mushroom_stew": {
    "criteria": {
      "has_any_ingredient": "2024-10-04 03:29:31 +0000"
    },
    "done": true
  },
  "farmersdelight:recipes/food/cooking/beetroot_soup": {
    "criteria": {
      "has_beetroot": "2024-10-04 03:29:52 +0000"
    },
    "done": true
  },
  "minecraft:recipes/food/beetroot_soup": {
    "criteria": {
      "has_beetroot": "2024-10-04 03:29:52 +0000"
    },
    "done": true
  },
  "farm_and_charm:recipes/beetroot_bag": {
    "criteria": {
      "has_beetroots": "2024-10-04 03:29:52 +0000"
    },
    "done": true
  },
  "farmersdelight:recipes/farmersdelight/cooking/vegetable_soup": {
    "criteria": {
      "has_any_ingredient": "2024-10-04 03:29:52 +0000"
    },
    "done": true
  },
  "minecraft:recipes/misc/red_dye_from_beetroot": {
    "criteria": {
      "has_beetroot": "2024-10-04 03:29:52 +0000"
    },
    "done": true
  },
  "farmersdelight:recipes/farmersdelight/cooking/ratatouille": {
    "criteria": {
      "has_any_ingredient": "2024-10-04 03:29:52 +0000"
    },
    "done": true
  },
  "promenade:recipes/crafting/maple/boat": {
    "criteria": {
      "in_water": "2024-10-04 03:32:39 +0000"
    },
    "done": true
  },
  "minecraft:recipes/transportation/cherry_boat": {
    "criteria": {
      "in_water": "2024-10-04 03:32:39 +0000"
    },
    "done": true
  },
  "minecraft:recipes/transportation/bamboo_raft": {
    "criteria": {
      "in_water": "2024-10-04 03:32:39 +0000"
    },
    "done": true
  },
  "minecraft:recipes/transportation/spruce_boat": {
    "criteria": {
      "in_water": "2024-10-04 03:32:39 +0000"
    },
    "done": true
  },
  "minecraft:recipes/transportation/birch_boat": {
    "criteria": {
      "in_water": "2024-10-04 03:32:39 +0000"
    },
    "done": true
  },
  "minecraft:recipes/transportation/oak_boat": {
    "criteria": {
      "in_water": "2024-10-04 03:32:39 +0000"
    },
    "done": true
  },
  "minecraft:recipes/transportation/mangrove_boat": {
    "criteria": {
      "in_water": "2024-10-04 03:32:39 +0000"
    },
    "done": true
  },
  "promenade:recipes/crafting/sakura/boat": {
    "criteria": {
      "in_water": "2024-10-04 03:32:39 +0000"
    },
    "done": true
  },
  "promenade:recipes/crafting/palm/boat": {
    "criteria": {
      "in_water": "2024-10-04 03:32:39 +0000"
    },
    "done": true
  },
  "minecraft:recipes/transportation/acacia_boat": {
    "criteria": {
      "in_water": "2024-10-04 03:32:39 +0000"
    },
    "done": true
  },
  "minecraft:recipes/transportation/jungle_boat": {
    "criteria": {
      "in_water": "2024-10-04 03:32:39 +0000"
    },
    "done": true
  },
  "minecraft:recipes/transportation/dark_oak_boat": {
    "criteria": {
      "in_water": "2024-10-04 03:32:39 +0000"
    },
    "done": true
  },
  "minecraft:recipes/decorations/ladder": {
    "criteria": {
      "has_stick": "2024-10-04 04:00:27 +0000"
    },
    "done": true
  },
  "refurbished_furniture:recipes/misc/constructing/crimson_lattice_fence": {
    "criteria": {
      "has_stick": "2024-10-04 04:00:27 +0000"
    },
    "done": true
  },
  "refurbished_furniture:recipes/misc/constructing/jungle_lattice_fence": {
    "criteria": {
      "has_stick": "2024-10-04 04:00:27 +0000"
    },
    "done": true
  },
  "refurbished_furniture:recipes/misc/constructing/spruce_lattice_fence_gate": {
    "criteria": {
      "has_stick": "2024-10-04 04:00:27 +0000"
    },
    "done": true
  },
  "another_furniture:recipes/oak_drawer": {
    "criteria": {
      "has_planks": "2024-10-04 04:00:27 +0000"
    },
    "done": true
  },
  "farmersdelight:recipes/farmersdelight/cooking/fish_stew": {
    "criteria": {
      "has_any_ingredient": "2024-10-04 04:00:22 +0000"
    },
    "done": true
  },
  "minecraft:recipes/food/cooked_cod_from_smoking": {
    "criteria": {
      "has_cod": "2024-10-04 04:00:22 +0000"
    },
    "done": true
  },
  "refurbished_furniture:recipes/misc/constructing/dark_oak_lattice_fence_gate": {
    "criteria": {
      "has_stick": "2024-10-04 04:00:27 +0000"
    },
    "done": true
  },
  "backpacked:recipes/decorations/cherry_backpack_shelf": {
    "criteria": {
      "has_stick": "2024-10-04 04:00:27 +0000"
    },
    "done": true
  },
  "aquamirae:adventure/find_ice_maze": {
    "criteria": {
      "deep_frozen_ocean": "2024-10-04 03:43:59 +0000"
    },
    "done": true
  },
  "minecraft:recipes/decorations/snow": {
    "criteria": {
      "has_snowball": "2024-10-04 04:02:22 +0000"
    },
    "done": true
  },
  "minecraft:recipes/tools/wooden_axe": {
    "criteria": {
      "has_stick": "2024-10-04 04:00:27 +0000"
    },
    "done": true
  },
  "farmersdelight:recipes/farmersdelight/cooking/fried_rice": {
    "criteria": {
      "has_any_ingredient": "2024-10-04 03:37:52 +0000"
    },
    "done": true
  },
  "refurbished_furniture:recipes/misc/constructing/spruce_lattice_fence": {
    "criteria": {
      "has_stick": "2024-10-04 04:00:27 +0000"
    },
    "done": true
  },
  "backpacked:recipes/decorations/oak_backpack_shelf": {
    "criteria": {
      "has_stick": "2024-10-04 04:00:27 +0000"
    },
    "done": true
  },
  "backpacked:recipes/decorations/dark_oak_backpack_shelf": {
    "criteria": {
      "has_stick": "2024-10-04 04:00:27 +0000"
    },
    "done": true
  },
  "minecraft:recipes/food/cooked_salmon": {
    "criteria": {
      "has_salmon": "2024-10-04 04:00:24 +0000"
    },
    "done": true
  },
  "backpacked:recipes/decorations/birch_backpack_shelf": {
    "criteria": {
      "has_stick": "2024-10-04 04:00:27 +0000"
    },
    "done": true
  },
  "farmersdelight:recipes/farmersdelight/flint_knife": {
    "criteria": {
      "has_stick": "2024-10-04 04:00:27 +0000"
    },
    "done": true
  },
  "farmersdelight:recipes/farmersdelight/cooking/cooked_rice": {
    "criteria": {
      "has_rice": "2024-10-04 03:37:52 +0000"
    },
    "done": true
  },
  "refurbished_furniture:recipes/misc/constructing/crimson_lattice_fence_gate": {
    "criteria": {
      "has_stick": "2024-10-04 04:00:27 +0000"
    },
    "done": true
  },
  "minecraft:recipes/decorations/chest": {
    "criteria": {
      "has_lots_of_items": "2024-10-04 03:57:33 +0000"
    },
    "done": true
  },
  "another_furniture:recipes/dark_oak_drawer": {
    "criteria": {
      "has_planks": "2024-10-04 04:00:27 +0000"
    },
    "done": true
  },
  "vinery:recipes/grapevine_lattice": {
    "criteria": {
      "has_stick": "2024-10-04 04:00:27 +0000"
    },
    "done": true
  },
  "farmersdelight:recipes/farmersdelight/cutting_board": {
    "criteria": {
      "has_stick": "2024-10-04 04:00:27 +0000"
    },
    "done": true
  },
  "aquamirae:adventure/obtain_fin": {
    "criteria": {
      "fin": "2024-10-04 03:57:33 +0000"
    },
    "done": true
  },
  "refurbished_furniture:recipes/misc/constructing/oak_lattice_fence_gate": {
    "criteria": {
      "has_stick": "2024-10-04 04:00:27 +0000"
    },
    "done": true
  },
  "another_furniture:recipes/warped_drawer": {
    "criteria": {
      "has_planks": "2024-10-04 04:00:27 +0000"
    },
    "done": true
  },
  "backpacked:recipes/decorations/spruce_backpack_shelf": {
    "criteria": {
      "has_stick": "2024-10-04 04:00:27 +0000"
    },
    "done": true
  },
  "vinery:recipes/dark_cherry_fence": {
    "criteria": {
      "has_stick": "2024-10-04 04:00:27 +0000"
    },
    "done": true
  },
  "refurbished_furniture:recipes/misc/constructing/birch_lattice_fence": {
    "criteria": {
      "has_stick": "2024-10-04 04:00:27 +0000"
    },
    "done": true
  },
  "bakery:recipes/cupcake_display": {
    "criteria": {
      "has_stick": "2024-10-04 04:00:27 +0000"
    },
    "done": true
  },
  "refurbished_furniture:recipes/misc/constructing/cherry_lattice_fence": {
    "criteria": {
      "has_stick": "2024-10-04 04:00:27 +0000"
    },
    "done": true
  },
  "another_furniture:recipes/acacia_drawer": {
    "criteria": {
      "has_planks": "2024-10-04 04:00:27 +0000"
    },
    "done": true
  },
  "aquamirae:recipes/esca": {
    "criteria": {
      "has_item": "2024-10-04 03:57:33 +0000"
    },
    "done": true
  },
  "sawmill:recipes/sawmill": {
    "criteria": {
      "has_sticks": "2024-10-04 04:00:27 +0000"
    },
    "done": true
  },
  "backpacked:recipes/decorations/acacia_backpack_shelf": {
    "criteria": {
      "has_stick": "2024-10-04 04:00:27 +0000"
    },
    "done": true
  },
  "farm_and_charm:recipes/strawberry": {
    "criteria": {
      "has_strawberry_seeds": "2024-10-04 03:38:23 +0000"
    },
    "done": true
  },
  "another_furniture:recipes/spruce_drawer": {
    "criteria": {
      "has_planks": "2024-10-04 04:00:27 +0000"
    },
    "done": true
  },
  "aquamirae:recipes/wisteria_niveis": {
    "criteria": {
      "has_item": "2024-10-04 04:02:22 +0000"
    },
    "done": true
  },
  "aquamirae:recipes/fin": {
    "criteria": {
      "has_item": "2024-10-04 03:57:33 +0000"
    },
    "done": true
  },
  "minecraft:recipes/food/cooked_salmon_from_smoking": {
    "criteria": {
      "has_salmon": "2024-10-04 04:00:24 +0000"
    },
    "done": true
  },
  "refurbished_furniture:recipes/misc/constructing/warped_lattice_fence_gate": {
    "criteria": {
      "has_stick": "2024-10-04 04:00:27 +0000"
    },
    "done": true
  },
  "another_furniture:recipes/jungle_drawer": {
    "criteria": {
      "has_planks": "2024-10-04 04:00:27 +0000"
    },
    "done": true
  },
  "aquamirae:adventure/obtain_esca": {
    "criteria": {
      "esca": "2024-10-04 03:57:33 +0000"
    },
    "done": true
  },
  "minecraft:recipes/decorations/campfire": {
    "criteria": {
      "has_stick": "2024-10-04 04:00:27 +0000"
    },
    "done": true
  },
  "refurbished_furniture:recipes/misc/constructing/dark_oak_lattice_fence": {
    "criteria": {
      "has_stick": "2024-10-04 04:00:27 +0000"
    },
    "done": true
  },
  "backpacked:recipes/decorations/jungle_backpack_shelf": {
    "criteria": {
      "has_stick": "2024-10-04 04:00:27 +0000"
    },
    "done": true
  },
  "minecraft:recipes/tools/wooden_hoe": {
    "criteria": {
      "has_stick": "2024-10-04 04:00:27 +0000"
    },
    "done": true
  },
  "refurbished_furniture:recipes/misc/constructing/oak_lattice_fence": {
    "criteria": {
      "has_stick": "2024-10-04 04:00:27 +0000"
    },
    "done": true
  },
  "another_furniture:recipes/crimson_drawer": {
    "criteria": {
      "has_planks": "2024-10-04 04:00:27 +0000"
    },
    "done": true
  },
  "vinery:recipes/dark_cherry_fence_gate": {
    "criteria": {
      "has_stick": "2024-10-04 04:00:27 +0000"
    },
    "done": true
  },
  "minecraft:recipes/tools/wooden_pickaxe": {
    "criteria": {
      "has_stick": "2024-10-04 04:00:27 +0000"
    },
    "done": true
  },
  "vinery:recipes/campfire": {
    "criteria": {
      "has_stick": "2024-10-04 04:00:27 +0000",
      "has_the_recipe": "2024-10-04 04:00:27 +0000"
    },
    "done": true
  },
  "refurbished_furniture:recipes/misc/constructing/acacia_lattice_fence": {
    "criteria": {
      "has_stick": "2024-10-04 04:00:27 +0000"
    },
    "done": true
  },
  "minecraft:recipes/food/cooked_salmon_from_campfire_cooking": {
    "criteria": {
      "has_salmon": "2024-10-04 04:00:24 +0000"
    },
    "done": true
  },
  "farmersdelight:recipes/farmersdelight/cooking/dog_food": {
    "criteria": {
      "has_any_ingredient": "2024-10-04 03:37:52 +0000"
    },
    "done": true
  },
  "refurbished_furniture:recipes/misc/constructing/mangrove_lattice_fence": {
    "criteria": {
      "has_stick": "2024-10-04 04:00:27 +0000"
    },
    "done": true
  },
  "refurbished_furniture:recipes/misc/constructing/cherry_lattice_fence_gate": {
    "criteria": {
      "has_stick": "2024-10-04 04:00:27 +0000"
    },
    "done": true
  },
  "minecraft:recipes/tools/wooden_shovel": {
    "criteria": {
      "has_stick": "2024-10-04 04:00:27 +0000"
    },
    "done": true
  },
  "another_furniture:recipes/cherry_drawer": {
    "criteria": {
      "has_planks": "2024-10-04 04:00:27 +0000"
    },
    "done": true
  },
  "backpacked:recipes/decorations/warped_backpack_shelf": {
    "criteria": {
      "has_stick": "2024-10-04 04:00:27 +0000"
    },
    "done": true
  },
  "farmersdelight:recipes/farmersdelight/rice_bag": {
    "criteria": {
      "has_rice": "2024-10-04 03:37:52 +0000"
    },
    "done": true
  },
  "another_furniture:recipes/bamboo_drawer": {
    "criteria": {
      "has_planks": "2024-10-04 04:00:27 +0000"
    },
    "done": true
  },
  "another_furniture:recipes/mangrove_drawer": {
    "criteria": {
      "has_planks": "2024-10-04 04:00:27 +0000"
    },
    "done": true
  },
  "backpacked:recipes/decorations/crimson_backpack_shelf": {
    "criteria": {
      "has_stick": "2024-10-04 04:00:27 +0000"
    },
    "done": true
  },
  "minecraft:recipes/food/cooked_cod_from_campfire_cooking": {
    "criteria": {
      "has_cod": "2024-10-04 04:00:22 +0000"
    },
    "done": true
  },
  "refurbished_furniture:recipes/misc/constructing/acacia_lattice_fence_gate": {
    "criteria": {
      "has_stick": "2024-10-04 04:00:27 +0000"
    },
    "done": true
  },
  "minecraft:recipes/combat/wooden_sword": {
    "criteria": {
      "has_stick": "2024-10-04 04:00:27 +0000"
    },
    "done": true
  },
  "bakery:recipes/bread_box": {
    "criteria": {
      "has_stick": "2024-10-04 04:00:27 +0000"
    },
    "done": true
  },
  "minecraft:husbandry/balanced_diet": {
    "criteria": {
      "sweet_berries": "2024-10-04 03:49:46 +0000"
    },
    "done": false
  },
  "minecraft:recipes/food/cooked_cod": {
    "criteria": {
      "has_cod": "2024-10-04 04:00:22 +0000"
    },
    "done": true
  },
  "farmersdelight:recipes/farmersdelight/grilled_salmon": {
    "criteria": {
      "has_salmon": "2024-10-04 04:00:24 +0000"
    },
    "done": true
  },
  "refurbished_furniture:recipes/misc/constructing/warped_lattice_fence": {
    "criteria": {
      "has_stick": "2024-10-04 04:00:27 +0000"
    },
    "done": true
  },
  "another_furniture:recipes/furniture_hammer": {
    "criteria": {
      "has_stick": "2024-10-04 04:00:27 +0000"
    },
    "done": true
  },
  "refurbished_furniture:recipes/misc/constructing/mangrove_lattice_fence_gate": {
    "criteria": {
      "has_stick": "2024-10-04 04:00:27 +0000"
    },
    "done": true
  },
  "refurbished_furniture:recipes/misc/constructing/birch_lattice_fence_gate": {
    "criteria": {
      "has_stick": "2024-10-04 04:00:27 +0000"
    },
    "done": true
  },
  "another_furniture:recipes/birch_drawer": {
    "criteria": {
      "has_planks": "2024-10-04 04:00:27 +0000"
    },
    "done": true
  },
  "promenade:recipes/crafting/vanilla_snowy_leaves/spruce": {
    "criteria": {
      "has_snowball": "2024-10-04 04:02:22 +0000"
    },
    "done": false
  },
  "minecraft:recipes/building_blocks/snow_block": {
    "criteria": {
      "has_snowball": "2024-10-04 04:02:22 +0000"
    },
    "done": true
  },
  "refurbished_furniture:recipes/misc/constructing/jungle_lattice_fence_gate": {
    "criteria": {
      "has_stick": "2024-10-04 04:00:27 +0000"
    },
    "done": true
  },
  "DataVersion": 3465
}