{
  "simplyswords:grant_book_on_first_join": {
    "criteria": {
      "tick": "2024-10-04 03:09:41 +0000"
    },
    "done": true
  },
  "minecraft:recipes/decorations/crafting_table": {
    "criteria": {
      "unlock_right_away": "2024-10-04 03:09:41 +0000"
    },
    "done": true
  },
  "farm_and_charm:main/root": {
    "criteria": {
      "example_criterion": "2024-10-04 03:09:41 +0000"
    },
    "done": true
  },
  "betterdeserttemples:root": {
    "criteria": {
      "always": "2024-10-04 03:09:41 +0000"
    },
    "done": true
  },
  "vinery:main/root": {
    "criteria": {
      "seeds": "2024-10-04 03:09:41 +0000"
    },
    "done": true
  },
  "farmersdelight:main/root": {
    "criteria": {
      "seeds": "2024-10-04 03:09:41 +0000"
    },
    "done": true
  },
  "bakery:main/root": {
    "criteria": {
      "seeds": "2024-10-04 03:09:41 +0000"
    },
    "done": true
  },
  "betterdungeons:root": {
    "criteria": {
      "always": "2024-10-04 03:09:41 +0000"
    },
    "done": true
  },
  "minecraft:adventure/adventuring_time": {
    "criteria": {
      "minecraft:taiga": "2024-10-04 03:09:41 +0000"
    },
    "done": false
  },
  "farm_and_charm:main/find_wild_crops": {
    "criteria": {
      "oat": "2024-10-04 03:09:41 +0000",
      "wild_strawberry": "2024-10-04 03:09:41 +0000",
      "corn": "2024-10-04 03:09:41 +0000",
      "onion": "2024-10-04 03:09:41 +0000",
      "wild_corn": "2024-10-04 03:09:41 +0000",
      "wild_ribwort": "2024-10-04 03:09:41 +0000",
      "strawberry": "2024-10-04 03:09:41 +0000",
      "wild_nettle": "2024-10-04 03:09:41 +0000",
      "barley": "2024-10-04 03:09:41 +0000",
      "tomato": "2024-10-04 03:09:41 +0000",
      "lettuce": "2024-10-04 03:09:41 +0000",
      "wild_lettuce": "2024-10-04 03:09:41 +0000",
      "wild_tomatoes": "2024-10-04 03:09:41 +0000",
      "oat_seeds": "2024-10-04 03:09:41 +0000",
      "tomato_seeds": "2024-10-04 03:09:41 +0000",
      "barley_seeds": "2024-10-04 03:09:41 +0000",
      "strawberry_seeds": "2024-10-04 03:09:41 +0000",
      "lettuce_seeds": "2024-10-04 03:09:41 +0000",
      "kernels": "2024-10-04 03:09:41 +0000",
      "wild_barley": "2024-10-04 03:09:41 +0000",
      "wild_onion": "2024-10-04 03:09:41 +0000",
      "wild_oat": "2024-10-04 03:09:41 +0000"
    },
    "done": true
  },
  "minecraft:recipes/building_blocks/spruce_wood": {
    "criteria": {
      "has_log": "2024-10-04 03:24:08 +0000"
    },
    "done": true
  },
  "vinery:recipes/dirt_slab": {
    "criteria": {
      "has_dirt": "2024-10-04 03:14:51 +0000"
    },
    "done": true
  },
  "minecraft:recipes/building_blocks/spruce_planks": {
    "criteria": {
      "has_logs": "2024-10-04 03:24:08 +0000"
    },
    "done": true
  },
  "minecraft:recipes/misc/charcoal": {
    "criteria": {
      "has_log": "2024-10-04 03:24:08 +0000"
    },
    "done": true
  },
  "DataVersion": 3465
}